ip,domain_1,domain_2,domain_3,domain_4,domain_5,domain_6,domain_7,domain_8,domain_9,domain_10,domain_11,domain_12,domain_13,domain_14,domain_15,domain_16,domain_17,domain_18,domain_19,domain_20,domain_21,domain_22,domain_23,domain_24,domain_25,domain_26,domain_27,domain_28,domain_29,domain_30,domain_31,domain_32,domain_33,domain_34,domain_35,domain_36,domain_37,domain_38,domain_39,domain_40,domain_41,domain_42,domain_43,domain_44,domain_45,domain_46,domain_47,domain_48,domain_49,domain_50,domain_51,domain_52,domain_53,domain_54,domain_55,domain_56,domain_57,domain_58,domain_59,domain_60,domain_61,domain_62,domain_63,domain_64,domain_65,domain_66,domain_67,domain_68,domain_69,domain_70,domain_71,domain_72,domain_73,domain_74,domain_75,domain_76,domain_77,domain_78,domain_79,domain_80,domain_81,domain_82,domain_83,domain_84,domain_85,domain_86,domain_87,domain_88,domain_89,domain_90,domain_91,domain_92,domain_93,domain_94,domain_95,domain_96,domain_97,domain_98,domain_99,domain_100,domain_101,domain_102,domain_103,domain_104,domain_105,domain_106,domain_107,domain_108,domain_109,domain_110,domain_111,domain_112,domain_113,domain_114,domain_115,domain_116,domain_117,domain_118,domain_119,domain_120,domain_121,domain_122,domain_123,domain_124,domain_125,domain_126,domain_127,domain_128,domain_129,domain_130,domain_131,domain_132,domain_133,domain_134,domain_135,domain_136,domain_137,domain_138,domain_139,domain_140,domain_141,domain_142,domain_143,domain_144,domain_145,domain_146,domain_147,domain_148,domain_149,domain_150,domain_151,domain_152,domain_153,domain_154,domain_155,domain_156,domain_157,domain_158,domain_159,domain_160,domain_161,domain_162,domain_163,domain_164,domain_165,domain_166,domain_167,domain_168,domain_169,domain_170,domain_171,domain_172,domain_173,domain_174,domain_175,domain_176,domain_177,domain_178,domain_179,domain_180,domain_181,domain_182,domain_183,domain_184,domain_185,domain_186,domain_187,domain_188,domain_189,domain_190,domain_191,domain_192,domain_193,domain_194,domain_195,domain_196,domain_197,domain_198,domain_199,domain_200,domain_201,domain_202,domain_203,domain_204,domain_205,domain_206,domain_207,domain_208,domain_209,domain_210,domain_211
encuesta.universita.usach.cl.,encuesta_universita.usach.cl
periodismo.udesantiago.cl.,www.periodismo.udesantiago.cl
asoacad.usach.cl.,www.asoacad.usach.cl
doctoradoalimentos.usach.cl.,www.doctoradoalimentos.usach.cl
smartcitylab-usach.cl.,mail.smartcitylab-usach.cl,smartcitylab.usach.cl,www.smartcitylab-usach.cl,www.smartcitylab.usach.cl
fima.usach.cl.,www.fima.usach.cl
arquitectura.usach.cl.,www.arquitectura.usach.cl
magisterelectrica.usach.cl.,www.magisterelectrica.usach.cl
campus.usach.cl.,www.campus.usach.cl
cli.usach.cl.,www.cli.usach.cl
rhistoria.usach.cl.,www.rhistoria.usach.cl
webpay-server.usach.cl.,www.webpay-server.usach.cl
rucahueche.usach.cl.,www.rucahueche.usach.cl
158.170.66.188,idi.fing.usach.cl
recursosaprendizajecastellano.usach.cl.,www.recursosaprendizajecastellano.usach.cl
158.170.64.116,adquisiciones.udesantiago.cl,agroecologia.usach.cl,blearning.usach.cl,csalud.usach.cl,departamentodeportes.usach.cl,drupal.usach.cl,dtt.udesantiago.cl,enacot2.usach.cl,endfisica.usach.cl,enlinea.usach.cl,en.usach.cl,hectorchavez.usach.cl,historia.udesantiago.cl,icpr2012.usach.cl,idiomas.usach.cl,lec.usach.cl,logt.usach.cl,magestec.usach.cl,mri.usach.cl,paiep.udesantiago.cl,periodismo.udesantiago.cl,plantmed.usach.cl,portal.udesantiago.cl,possibilism.usach.cl,progoa.usach.cl,rrhh.usach.cl,rucahueche.usach.cl,sustentabilidades.usach.cl,talentosartisticos.usach.cl,tienda.segic.cl,transparencia.udesantiago.cl,udesantiagoaldia.usach.cl,www.adquisiciones.udesantiago.cl,www.agroecologia.usach.cl,www.ciudadycalidad.usach.cl,www.csalud.usach.cl,www.dtt.udesantiago.cl,www.enacot2.usach.cl,www.endfisica.usach.cl,www.enlinea.usach.cl,www.historia.udesantiago.cl,www.idiomas.usach.cl,www.logt.usach.cl,www.magestec.usach.cl,www.periodismo.udesantiago.cl,www.possibilism.usach.cl,www.progoa.usach.cl,www.rrhh.usach.cl,www.rucahueche.usach.cl,www.sustentabilidades.usach.cl,www.talentosartisticos.usach.cl,www.udesantiagoaldia.usach.cl
ugb.usach.cl.,www.ugb.usach.cl
158.170.64.110,blacpma.usach.cl,boletin.segic.cl,cgem.usach.cl,jint.usach.cl,postgrados.usach.cl,postgrado.usach.cl,segic.cl,segic.usach.cl,transparenciaactiva.usach.cl,transparencia.segic.cl,transparencia.usach.cl,www.blacpma.usach.cl,www.boletin.segic.cl,www.cgem.usach.cl,www.jint.usach.cl,www.postgrados.usach.cl,www.postgrado.usach.cl,www.segic.cl,www.transparenciaactiva.usach.cl,www.transparencia.usach.cl
158.170.64.113,adquisiciones.usach.cl,leo.usach.cl,pmi1502.usach.cl,test-admision.usach.cl,www.adquisiciones.usach.cl,www.leo.usach.cl
www.smartcitylab-usach.cl.,smartcitylab.usach.cl,www.smartcitylab.usach.cl
ingenieriaindustrial-usach.cl.,ingenieriaindustrial.usach.cl,mail.ingenieriaindustrial-usach.cl,www.ingenieriaindustrial-usach.cl,www.ingenieriaindustrial.usach.cl
coorcal3mbi.usach.cl.,www.coorcal3mbi.usach.cl
158.170.66.22,bepostulacionesvrae.usach.cl,cloud.segic.cl,postulacionesvrae.usach.cl
158.170.66.25,nanoserver.usach.cl
158.170.66.24,archivopatrimonial.usach.cl,isidoraaguirre.usach.cl,reformaute.usach.cl,teknos.usach.cl,windowsnas.usach.cl,www.archivopatrimonial.usach.cl,www.isidoraaguirre.usach.cl,www.reformaute.usach.cl,www.teknos.usach.cl
doctorado.energiasostenible.usach.cl.,www.doctorado.energiasostenible.usach.cl
158.170.66.27,academica3.usach.cl
158.170.66.26,archivodga.usach.cl,nomasviolencia.usach.cl,www.archivodga.usach.cl,www.nomasviolencia.usach.cl
webpay-sdt.usach.cl.,webpaysdt.usach.cl
hosting.usach.cl.,elapdis.usach.cl,revistaidea.usach.cl,usuariocorreo.usach.cl,www.cphs.usach.cl,www.dcs.usach.cl,www.deportes.usach.cl
158.170.66.28,digea.usach.cl,prontus.digea.usach.cl,www.digea.usach.cl
na06.primo.exlibrisgroup.com.,descubridor.usach.cl,repositorio.usach.cl
158.170.77.129,cambioporvocacion.usach.cl,dfii.usach.cl,pace.usach.cl,pacevirtual.usach.cl,pares.usach.cl,ticpaiep.usach.cl,www.cambioporvocacion.usach.cl,www.pace.usach.cl,www.pares.usach.cl,www.ticpaiep.usach.cl
dipmad.usach.cl.,www.dipmad.usach.cl
adquisiciones.usach.cl.,www.adquisiciones.usach.cl
biblioteca.usach.cl.,www.biblioteca.usach.cl
educofacimed.usach.cl.,www.educofacimed.usach.cl
158.170.68.70,librenms.usach.cl
158.170.68.74,sib.usach.cl
extension.usach.cl.,www.extension.usach.cl
linguisticayliteratura.usach.cl.,www.linguisticayliteratura.usach.cl
vra.usach.cl.,www.vra.usach.cl
158.170.64.86,beneficio-matricula.usach.cl,cachorro2017.usach.cl,ideasdecalidad.usach.cl,pagaredearancel.usach.cl,periodointensivo.usach.cl,superclave.usach.cl,www.cachorro2017.usach.cl,www.pagaredearancel.usach.cl,www.periodointensivo.usach.cl,www.superclave.usach.cl
158.170.11.66,cdfing.usach.cl
enzal2019.usach.cl.,www.enzal2019.usach.cl
dtt.udesantiago.cl.,www.dtt.udesantiago.cl
sistema-facimed.usach.cl.,www.sistema-facimed.usach.cl
cba.usach.cl.,www.cba.usach.cl
158.170.35.17,eyesfood.diinf.usach.cl,huelen.diinf.usach.cl,teamp.diinf.usach.cl
158.170.35.18,wobani.diinf.usach.cl
empresas.usach.cl.,empresas.empleosfactec.usach.cl
tci.usach.cl.,www.tci.usach.cl
ghs.google.com.,portal.innovo.usach.cl,portal.segic.usach.cl
tap.usach.cl.,www.tap.usach.cl
postulacion-postgrado.usach.cl.,www.postulacion-postgrado.usach.cl
progoa.usach.cl.,www.progoa.usach.cl
pagos.usach.cl.,www.pagos.usach.cl
funcionarios.usach.cl.,www.funcionarios.usach.cl
caiusach.cl.,cai.usach.cl,www.cai.usach.cl
fisica.postgrado.usach.cl.,www.fisica.postgrado.usach.cl
liceos.usach.cl.,www.liceos.usach.cl
104.18.21.49,admision-visitas.usach.cl,datosadmision.dei.usach.cl,espera.usach.cl,matricula-online-test.usach.cl,puntajes.usach.cl,services-test.usach.cl,services.usach.cl,usach.cl,www.usach.cl
vriic.usach.cl.,www.vriic.usach.cl
158.170.64.234,easyappointments.usach.cl,lista-espera.usach.cl,matricula-online.usach.cl,postulaciones.usach.cl,repostulacion.usach.cl,visitas.usach.cl,www.espera.usach.cl,www.lista-espera.usach.cl,www.matricula-online-test.usach.cl,www.matricula-online.usach.cl,www.postulaciones.usach.cl,www.puntajes.usach.cl,www.repostulacion.usach.cl,www.visitas.usach.cl
158.170.64.236,registro.usach.cl,www.registro.usach.cl
158.170.64.237,listaespera.usach.cl,www.listaespera.usach.cl
controlaccountability.usach.cl.,www.controlaccountability.usach.cl
api-externa.usach.cl.,www.api-externa.usach.cl
testsgp.uci.usach.cl.,www.testsgp.uci.usach.cl
fqyb-doctorado-biotecnologia.usach.cl.,www.fqyb-doctorado-biotecnologia.usach.cl
leo.usach.cl.,www.leo.usach.cl
postulaciones.usach.cl.,www.postulaciones.usach.cl
158.170.35.40,corelia.diinf.usach.cl,inventario.diinf.usach.cl
despega.usach.cl.,www.despega.usach.cl
158.170.66.101,cef.usach.cl,dim.usach.cl,fima.usach.cl,fmoreno.usach.cl,portalfisicaeducativa.usach.cl,tap.usach.cl,tci.usach.cl,tuaqf.usach.cl,tuci.usach.cl,vime.arquitectura.usach.cl,www.cef.usach.cl,www.dim.usach.cl,www.fima.usach.cl,www.portalfisicaeducativa.usach.cl,www.tap.usach.cl,www.tci.usach.cl,www.tuaqf.usach.cl,www.tuci.usach.cl,www.vime.arquitectura.usach.cl
archivopatrimonial.usach.cl.,www.archivopatrimonial.usach.cl
158.170.66.105,frontend.citiaps.usach.cl,jayma.usach.cl,orson.citiaps.usach.cl,taiga.citiaps.usach.cl
cei.usach.cl.,www.cei.usach.cl
158.170.66.107,eavirtual.arquitectura.usach.cl,www.eavirtual.arquitectura.usach.cl
67.208.40.192,cai.usach.cl,www.cai.usach.cl
evaluacion.usach.cl.,www.evaluacion.usach.cl
std.usach.cl.,www.std.usach.cl
secretaria.usach.cl.,www.secretaria.usach.cl
pagoenlinea.usach.cl.,www.pagoenlinea.usach.cl
158.170.20.206,kpifae.usach.cl
labteldie.usach.cl.,www.labteldie.usach.cl
158.170.66.157,sigsalas.registro.usach.cl
158.170.66.156,funcionarios.usach.cl,www.funcionarios.usach.cl
sfp.usach.cl.,www.sfp.usach.cl
158.170.66.153,capacitacion.segic.cl,charlas2021.usach.cl,tips2021.usach.cl,www.capacitacion.segic.cl,www.charlas2021.usach.cl,www.tips2021.usach.cl
calidad.usach.cl.,www.calidad.usach.cl
158.170.66.151,internacional.usach.cl,www.internacional.usach.cl
13.216.95.52,ferialaboral.usach.cl,laboral.usach.cl,laetitia.usach.cl,www.laboral.usach.cl,www.laetitia.usach.cl
canvas.usach.cl.,www.canvas.usach.cl
158.170.11.35,gdrc.fing.usach.cl,sas.fing.usach.cl
158.170.35.151,csl.diinf.usach.cl,cslmg.diinf.usach.cl
158.170.35.150,mustafar.diinf.usach.cl
matricula-online.usach.cl.,www.matricula-online.usach.cl
superclave.usach.cl.,www.superclave.usach.cl
158.170.80.226,diqb.usach.cl,diq.usach.cl,www.diq.usach.cl
158.170.10.73,reservasvime.usach.cl,sistemareservassalones.vime.usach.cl,www.sistemareservassalones.vime.usach.cl
158.170.10.71,ssotest.segic.cl,traefik1071.usach.cl
158.170.10.70,loa.usach.cl,universitas.usach.cl,www.loa.usach.cl
diseno.usach.cl.,www.diseno.usach.cl
158.170.10.76,loa.usach.cl,www.loa.usach.cl
158.170.10.75,loa.usach.cl,www.loa.usach.cl
158.170.10.74,cui-test.segic.cl,oauth.usach.cl
repostulacion.usach.cl.,www.repostulacion.usach.cl
transparenciaactiva.usach.cl.,www.transparenciaactiva.usach.cl
capacitacion.segic.cl.,www.capacitacion.segic.cl
158.170.77.227,www.postitulobasica-matriculas.usach.cl
diplomadoestadistica.usach.cl.,www.diplomadoestadistica.usach.cl
158.170.77.225,palillo.usach.cl
158.170.14.11,doctoradoinnovacion.fing.usach.cl
idea.usach.cl.,www.idea.usach.cl
proyectoaguasgrises.usach.cl.,www.proyectoaguasgrises.usach.cl
periododetransicion.usach.cl.,www.periododetransicion.usach.cl
ingenieriabiomedica.usach.cl.,www.ingenieriabiomedica.usach.cl
35.175.100.24,empleosfachuma.usach.cl,empleosfactec.usach.cl,empresas.empleosfactec.usach.cl,empresas.usach.cl,www.formacionyeducacion.usach.cl
panelqyb.usach.cl.,www.panelqyb.usach.cl
postgrados.usach.cl.,postgrado.usach.cl,www.postgrados.usach.cl,www.postgrado.usach.cl
uvirtual.usach.cl.,cvirtual.usach.cl,www.uvirtual.usach.cl
158.170.66.78,derecho.usach.cl,rcivildata.segic.cl,www.derecho.usach.cl
158.170.66.79,educacioncontinua.usach.cl,www.educacioncontinua.usach.cl
cfk.usach.cl.,www.cfk.usach.cl
acreditacion2020.usach.cl.,www.acreditacion2020.usach.cl
vime.usach.cl.,www.vime.usach.cl
reuna.usach.cl.,www.reuna.usach.cl
158.170.66.73,dve.usach.cl,egresados.usach.cl,especialistas.usach.cl,eva.usach.cl,fondo.vime.usach.cl,somosvinculacion.vime.usach.cl,vincula.usach.cl,www.dve.usach.cl,www.egresados.usach.cl
msp.usach.cl.,www.msp.usach.cl
158.170.66.71,panelqyb.usach.cl,prosecucionqyb.usach.cl,qybdigital.usach.cl,www.panelqyb.usach.cl,www.qybdigital.usach.cl
boletin.segic.cl.,www.boletin.segic.cl
uie.usach.cl.,www.uie.usach.cl
salas.usach.cl.,www.salas.usach.cl
158.170.66.74,sgp.uci.usach.cl,www.sgp.uci.usach.cl
smartcitylab.usach.cl.,www.smartcitylab.usach.cl
158.170.66.75,testsgp.uci.usach.cl,www.testsgp.uci.usach.cl
revistagpt.usach.cl.,www.revistagpt.usach.cl
filoadmin.usach.cl.,www.filoadmin.usach.cl
usachteapoya.usach.cl.,www.usachteapoya.usach.cl
adquisiciones.udesantiago.cl.,www.adquisiciones.udesantiago.cl
158.170.68.148,servicesdev.usach.cl
analisisdac.usach.cl.,www.analisisdac.usach.cl
usachparticipa.usach.cl.,www.usachparticipa.usach.cl
diplomadoentecnicasanaliticas.usach.cl.,www.diplomadoentecnicasanaliticas.usach.cl
sismatalunuevo.usach.cl.,www.sismatalunuevo.usach.cl
qybdigital.usach.cl.,www.qybdigital.usach.cl
postitulobasica-matriculas.usach.cl.,www.postitulobasica-matriculas.usach.cl
image-register.dti.usach.cl.,www.image-register.dti.usach.cl
geoingenieria.usach.cl.,www.geoingenieria.usach.cl
transparencia.usach.cl.,transparenciaactiva.usach.cl,www.transparenciaactiva.usach.cl,www.transparencia.usach.cl
fondocredito.usach.cl.,www.fondocredito.usach.cl
dve.usach.cl.,www.dve.usach.cl
158.170.35.27,deptmeeting.diinf.usach.cl,meetingengine.diinf.usach.cl
sistema.oirs.usach.cl.,www.sistema.oirs.usach.cl
158.170.64.201,mail.usach.cl,sso.innovo.usach.cl,sso.portal.usach.cl,sso.segic.cl,sso.usach.cl
158.170.64.202,llavecampus.usach.cl,sistema.campus.usach.cl,sistema-facimed.usach.cl,sistema.oirs.usach.cl,sistemaoirs.usach.cl,test.helpdesk.usach.cl,www.llavecampus.usach.cl,www.sistema.campus.usach.cl,www.sistema-facimed.usach.cl,www.sistema.oirs.usach.cl,www.sistemaoirs.usach.cl,www.test.helpdesk.usach.cl
158.170.64.205,capa.online.usach.cl,fude.online.usach.cl,sdt.online.usach.cl
158.170.64.204,cli.usach.cl,www.cli.usach.cl
158.170.64.207,admisionagenda-test.usach.cl,admisionagenda.usach.cl,cupos-directos.admision.usach.cl,www.admisionagenda-test.usach.cl
dciind.usach.cl.,www.dciind.usach.cl
158.170.64.209,apiapp.admision.usach.cl
pagosyserviciosenlinea.usach.cl.,www.pagosyserviciosenlinea.usach.cl
158.170.10.185,testsai.usach.cl
158.170.10.184,grin.fing.usach.cl
derecho.usach.cl.,www.derecho.usach.cl
logt.usach.cl.,www.logt.usach.cl
158.170.10.181,intrafae.usach.cl
ciescoop.usach.cl.,www.ciescoop.usach.cl
198.185.159.145,fudea.usach.cl,www.fudea.usach.cl
198.185.159.144,fudea.usach.cl,www.fudea.usach.cl
iso.segic.cl.,www.iso.segic.cl
educacion.usach.cl.,www.educacion.usach.cl
158.170.64.139,expedientealumnosingenieria.usach.cl,expedienterrhh2.usach.cl,expedienterrhh.usach.cl,kee.segic.cl,labgetic.usach.cl,traefik.usach.cl
periodointensivo.usach.cl.,www.periodointensivo.usach.cl
dca.usach.cl.,www.dca.usach.cl
arquitecturacontemporaneaentierra.usach.cl.,www.arquitecturacontemporaneaentierra.usach.cl
158.170.66.135,dimerc.citiaps.usach.cl
credencial.usach.cl.,www.credencial.usach.cl
158.170.66.137,ciudadsur.citiaps.usach.cl
158.170.66.136,appvincula.usach.cl
158.170.64.23,proveedores.usach.cl
158.170.66.138,plataforma-firma-digital.segic.cl
labiotam.usach.cl.,www.labiotam.usach.cl
158.170.64.26,credencial-oauth.usach.cl,pagosyserviciosenlinea.usach.cl,webpay-sdt.usach.cl,webpaysdt.usach.cl,webpay-server.usach.cl,www.pagosyserviciosenlinea.usach.cl,www.webpay-server.usach.cl
ingenieriadeprocesos.usach.cl.,www.ingenieriadeprocesos.usach.cl
158.170.64.24,creditocomplementario.usach.cl,cuotabasica2.usach.cl,cuotabasica.usach.cl,ecdp.die.usach.cl,egresadosindustria.usach.cl,elapdis.usach.cl,encuestas.udesantiago.cl,encuestas.usach.cl,encuesta_universita.usach.cl,expotecno.usach.cl,fjta.usach.cl,flagtec.usach.cl,hosting.usach.cl,integracion-ingenieria.usach.cl,intranet.usach.cl,iso.segic.cl,registro.vridei.usach.cl,reservaderecintos.usach.cl,revistaidea.usach.cl,sdtonline.usach.cl,sismatalunuevo.usach.cl,tallergrafico.usach.cl,usuariocorreo.usach.cl,www.cphs.usach.cl,www.dcs.usach.cl,www.deportes.usach.cl,www.ecdp.die.usach.cl,www.encuestas.usach.cl,www.iso.segic.cl,www.sismatalunuevo.usach.cl
cef.usach.cl.,www.cef.usach.cl
redmujerescyt.usach.cl.,www.redmujerescyt.usach.cl
hosting.udesantiago.cl.,www.ups.udesantiago.cl
158.170.64.58,api-externa.usach.cl,formulario.usach.cl,juego.usach.cl,matricula-ibero.usach.cl,pagare.usach.cl,pagoenlinea.usach.cl,portal-servicios.usach.cl,propuesta-cteo.usach.cl,proyectos-adm.segic.cl,servicios-ibero.usach.cl,simulador-admision.usach.cl,simulador-adm.usach.cl,sis-bienestar.usach.cl,toma-hora.usach.cl,ux1d.usach.cl,www.api-externa.usach.cl,www.formulario.usach.cl,www.matricula-ibero.usach.cl,www.pagare.usach.cl,www.pagoenlinea.usach.cl,www.propuesta-cteo.usach.cl,www.servicios-ibero.usach.cl,www.sis-bienestar.usach.cl,www.ux1d.usach.cl
158.170.64.59,propuesta-cteo-tst.usach.cl,servicios-ibero-test.usach.cl,solicitudinformacion.usach.cl,www.propuesta-cteo-tst.usach.cl,www.servicios-ibero-test.usach.cl,www.solicitudinformacion.usach.cl
llavecampus.usach.cl.,www.llavecampus.usach.cl
plemc.usach.cl.,www.plemc.usach.cl
158.170.64.51,ingelec.usach.cl
drii.usach.cl.,www.drii.usach.cl
158.170.35.185,scarif.diinf.usach.cl
200.73.208.19,planetaria.usach.cl
eureka.usach.cl.,www.eureka.usach.cl
contraloria.usach.cl.,www.contraloria.usach.cl
dgt.usach.cl.,www.dgt.usach.cl
cui.segic.cl.,www.cui.segic.cl
cices.usach.cl.,www.cices.usach.cl
ext-cust.squarespace.com.,www.fudea.usach.cl
158.170.10.23,tacora.usach.cl
usach.reqlut.com.,laboral.usach.cl,www.laboral.usach.cl
historia.usach.cl.,www.historia.usach.cl
admisionagenda-test.usach.cl.,www.admisionagenda-test.usach.cl
dgpp.usach.cl.,www.dgpp.usach.cl
158.170.66.197,incuba.arica.usach.cl,www.incuba.arica.usach.cl
boletindepostgrado.usach.cl.,www.boletindepostgrado.usach.cl
158.170.10.102,apisai.usach.cl
vrid.usach.cl.,www.vrid.usach.cl
talentosartisticos.usach.cl.,www.talentosartisticos.usach.cl
fisica.usach.cl.,didactica.usach.cl,lefmvespertino.usach.cl,simposiofisica.usach.cl,www.contaminacionstgo.fisica.usach.cl,www.fisica.usach.cl
158.170.66.194,c3.usach.cl,cachorrosfae.usach.cl,ciescoop.usach.cl,ciheap.usach.cl,cladhe6.usach.cl,dipedi.usach.cl,economia.usach.cl,egresadoscpa.usach.cl,fae.usach.cl,mafi.usach.cl,magistereconomia.usach.cl,mhe.usach.cl,niif-ifrs.usach.cl,www.c3.usach.cl,www.cachorrosfae.usach.cl,www.ciescoop.usach.cl,www.ciheap.usach.cl,www.cladhe6.usach.cl,www.dipedi.usach.cl,www.economia.usach.cl,www.egresadoscpa.usach.cl,www.fae.usach.cl,www.mef.usach.cl,www.mhe.usach.cl,www.niif-ifrs.usach.cl
idiomas.usach.cl.,www.idiomas.usach.cl
calidaddelaire.usach.cl.,www.calidaddelaire.usach.cl
158.170.66.199,denunciascontraloria.usach.cl
reformaute.usach.cl.,www.reformaute.usach.cl
servicios-ibero-test.usach.cl.,www.servicios-ibero-test.usach.cl
158.170.66.51,std.usach.cl,www.std.usach.cl
congreso2021.usach.cl.,www.congreso2021.usach.cl
158.170.66.58,aulavirtual2.educacion.usach.cl,aulavirtual.educacion.usach.cl
158.170.66.59,capacitacion.std.usach.cl
csalud.usach.cl.,www.csalud.usach.cl
incubadoraea.usach.cl.,www.incubadoraea.usach.cl
158.170.68.63,chatadmision.usach.cl,chatadquisiciones.usach.cl,chatdenuncias.usach.cl,chatfondosolidario.usach.cl
sistema.campus.usach.cl.,www.sistema.campus.usach.cl
portal.usach.cl.,www.portal.usach.cl
cepec.usach.cl.,www.cepec.usach.cl
adin.usach.cl.,www.adin.usach.cl
158.170.68.60,pagoenlinea-test.usach.cl,webpay-sdt-dev.usach.cl,webpay-server-test.usach.cl,www.pagoenlinea-test.usach.cl
educadoreslideres.usach.cl.,www.educadoreslideres.usach.cl
cladhe6.usach.cl.,www.cladhe6.usach.cl
blacpma.usach.cl.,www.blacpma.usach.cl
periodismo.usach.cl.,www.periodismo.usach.cl
sgp.uci.usach.cl.,www.sgp.uci.usach.cl
enacot2.usach.cl.,www.enacot2.usach.cl
138.186.9.52,alumnifae.usach.cl,ciet.usach.cl,dgpp.usach.cl,mcd.usach.cl,www.ciet.usach.cl,www.dgpp.usach.cl
diplomadosidea.usach.cl.,www.diplomadosidea.usach.cl
pagare.usach.cl.,www.pagare.usach.cl
educofahu.usach.cl.,www.educofahu.usach.cl
citiaps.usach.cl.,www.citiaps.usach.cl
inned.usach.cl.,www.inned.usach.cl
158.170.66.237,canaldedenuncias.usach.cl,consejouniversitario.usach.cl,dei.usach.cl,fing-test.usach.cl,fing.usach.cl,historia.usach.cl,ingenieriadeprocesos.usach.cl,inned.usach.cl,magiet.usach.cl,medicina.usach.cl,planificacionestrategica.usach.cl,postulacion-fi.usach.cl,revistarivar.usach.cl,sinapsis.usach.cl,www.fing.usach.cl,www.historia.usach.cl,www.ingenieriadeprocesos.usach.cl,www.inned.usach.cl,www.magiet.usach.cl
212.146.213.157,r.usach.cl
158.170.66.234,horarios.usach.cl,udatos.dei.usach.cl
158.170.66.233,fichafuncionario.usach.cl
158.170.66.230,brotescientificos.usach.cl,cei.usach.cl,despega.usach.cl,dgt.usach.cl,dicyt.usach.cl,dinem.usach.cl,innovo.usach.cl,uie.usach.cl,vridei.usach.cl,vrid.usach.cl,vriic.usach.cl,www.brotescientificos.usach.cl,www.cei.usach.cl,www.despega.usach.cl,www.dgt.usach.cl,www.dicyt.usach.cl,www.dinem.usach.cl,www.innovo.usach.cl,www.uie.usach.cl,www.vridei.usach.cl,www.vrid.usach.cl,www.vriic.usach.cl
propuesta-cteo.usach.cl.,www.propuesta-cteo.usach.cl
158.170.66.231,intranet.vriic.usach.cl
lcc.usach.cl.,www.lcc.usach.cl
die.usach.cl.,www.die.usach.cl
revistapalavra.usach.cl.,www.revistapalavra.usach.cl
autoevaluacion2019.usach.cl.,www.autoevaluacion2019.usach.cl
158.170.69.11,adminnpm69.usach.cl,api.segic.cl,minimonitor.segic.cl
aulavirtual.usach.cl.,www.aulavirtual.usach.cl
diplomadorecursoshidricos.usach.cl.,www.diplomadorecursoshidricos.usach.cl
lab-acustica.usach.cl.,www.lab-acustica.usach.cl
proyectatufuturo.usach.cl.,www.proyectatufuturo.usach.cl
158.170.15.2,vpn.usach.cl,www.vpn.usach.cl
158.170.64.150,acreditacion.usach.cl,adin.usach.cl,asoacad.usach.cl,autoevaluacion2019.usach.cl,biblioteca.usach.cl,boletindepostgrado.usach.cl,calidaddelaire.usach.cl,cambalache.usach.cl,campus.usach.cl,canvas.usach.cl,carreras.usach.cl,cba.usach.cl,cecomp.usach.cl,cem.usach.cl,cepec.usach.cl,ceusllanquihue.usach.cl,cibap.usach.cl,cide.usach.cl,ciis.usach.cl,congreso2021.usach.cl,contraloria.usach.cl,controlaccountability.usach.cl,cteo.usach.cl,cye.usach.cl,dac.usach.cl,dca.usach.cl,dciind.usach.cl,dcii.usach.cl,dcya.usach.cl,ddp.usach.cl,decytal.usach.cl,dep.usach.cl,dga.usach.cl,didactica.usach.cl,digeo.usach.cl,diplomadosidea.usach.cl,direcciondegenero.usach.cl,doctamer.usach.cl,doctoradoalimentos.usach.cl,doctorado-quimica.usach.cl,drii.usach.cl,dssee.usach.cl,dti.usach.cl,eciades.usach.cl,educacion.usach.cl,educadoreslideres.usach.cl,egresadospedagogiaqyb.usach.cl,eicsr.usach.cl,elecciones2022.usach.cl,elecciones-comision-genero-y-diversidad.usach.cl,eleccionrector.usach.cl,ensayospdt.usach.cl,enzal2019.usach.cl,esus.usach.cl,eureka.usach.cl,factec.usach.cl,facultadtecnologica.usach.cl,fciencia.usach.cl,fcm.usach.cl,fid.usach.cl,filosofia.usach.cl,finginternacional.usach.cl,fisica.postgrado.usach.cl,fisica.usach.cl,fonetica.usach.cl,fqyb-doctorado-biotecnologia.usach.cl,geoingenieria.usach.cl,gestionresiduos.usach.cl,gloriacardenasjiron.usach.cl,guiaweb.usach.cl,incubadoraea.usach.cl,ingenieriabiomedica.usach.cl,lab-acustica.usach.cl,labcontrol.usach.cl,labiotam.usach.cl,laboratorios.qyb.usach.cl,lefmvespertino.usach.cl,libif.usach.cl,lictex.usach.cl,linguisticayliteratura.usach.cl,magingquimica.usach.cl,magistercomunicacion.usach.cl,mastermida.usach.cl,mcii.usach.cl,mma.ingenieria.usach.cl,msp.usach.cl,nuevaweb.usach.cl,oppt.usach.cl,paiep.usach.cl,pedagogia-fisica.usach.cl,pefft.usach.cl,periodismo.usach.cl,postitulobasica.usach.cl,proyectatufuturo.usach.cl,proyectoaguasgrises.usach.cl,quimicaybiologia.usach.cl,rectoria.usach.cl,redaprendizajeactivo.usach.cl,reddeaprendizajeactivo.usach.cl,redmujerescyt.usach.cl,revistagpt.usach.cl,revistapalavra.usach.cl,rhistoria.usach.cl,secretaria.usach.cl,simposiofisica.usach.cl,udesantiago.cl,ugb.usach.cl,usachparticipa.usach.cl,vime.usach.cl,virtualizacionqyb.usach.cl,vra.usach.cl,www.acreditacion.usach.cl,www.adin.usach.cl,www.asoacad.usach.cl,www.autoevaluacion2019.usach.cl,www.biblioteca.usach.cl,www.boletindepostgrado.usach.cl,www.calidaddelaire.usach.cl,www.cambalache.usach.cl,www.campus.usach.cl,www.canvas.usach.cl,www.carreras.usach.cl,www.cba.usach.cl,www.cecomp.usach.cl,www.cem.usach.cl,www.cepec.usach.cl,www.ceusllanquihue.usach.cl,www.cibap.usach.cl,www.cide.usach.cl,www.ciis.usach.cl,www.congreso2021.usach.cl,www.contaminacionstgo.fisica.usach.cl,www.contraloria.usach.cl,www.controlaccountability.usach.cl,www.cteo.usach.cl,www.cye.usach.cl,www.dac.usach.cl,www.dca.usach.cl,www.dciind.usach.cl,www.dcii.usach.cl,www.dcya.usach.cl,www.ddp.usach.cl,www.decytal.usach.cl,www.dep.usach.cl,www.dga.usach.cl,www.digeo.usach.cl,www.diplomadosidea.usach.cl,www.direcciondegenero.usach.cl,www.doctamer.usach.cl,www.doctoradoalimentos.usach.cl,www.doctorado-quimica.usach.cl,www.drii.usach.cl,www.dssee.usach.cl,www.dti.usach.cl,www.eciades.usach.cl,www.educacion.usach.cl,www.educadoreslideres.usach.cl,www.egresadospedagogiaqyb.usach.cl,www.eicsr.usach.cl,www.ensayospdt.usach.cl,www.enzal2019.usach.cl,www.eureka.usach.cl,www.factec.usach.cl,www.facultadtecnologica.usach.cl,www.fciencia.usach.cl,www.fcm.usach.cl,www.filosofia.usach.cl,www.finginternacional.usach.cl,www.fisica.postgrado.usach.cl,www.fisica.usach.cl,www.fonetica.usach.cl,www.fqyb-doctorado-biotecnologia.usach.cl,www.geoingenieria.usach.cl,www.gestionresiduos.usach.cl,www.gloriacardenasjiron.usach.cl,www.guiaweb.usach.cl,www.incubadoraea.usach.cl,www.ingenieriabiomedica.usach.cl,www.lab-acustica.usach.cl,www.labcontrol.usach.cl,www.labiotam.usach.cl,www.laboratorios.qyb.usach.cl,www.libif.usach.cl,www.lictex.usach.cl,www.linguisticayliteratura.usach.cl,www.magingquimica.usach.cl,www.mastermida.usach.cl,www.mcii.usach.cl,www.mma.ingenieria.usach.cl,www.msp.usach.cl,www.oppt.usach.cl,www.paiep.usach.cl,www.pefft.usach.cl,www.periodismo.usach.cl,www.proyectatufuturo.usach.cl,www.proyectoaguasgrises.usach.cl,www.quimicaybiologia.usach.cl,www.rectoria.usach.cl,www.redaprendizajeactivo.usach.cl,www.reddeaprendizajeactivo.usach.cl,www.redmujerescyt.usach.cl,www.revistagpt.usach.cl,www.revistapalavra.usach.cl,www.rhistoria.usach.cl,www.secretaria.usach.cl,www.udesantiago.cl,www.ugb.usach.cl,www.usachparticipa.usach.cl,www.vime.usach.cl,www.virtualizacionqyb.usach.cl,www.vra.usach.cl
158.170.64.152,filoadmin.usach.cl,www.filoadmin.usach.cl
158.170.64.154,admision.usach.cl,credencial.usach.cl,diplomadoentecnicasanaliticas.usach.cl,msanchez.usach.cl,portal.usach.cl,prorrectoria.usach.cl,sostenibilidad.usach.cl,vicaviged.usach.cl,www.admision.usach.cl,www.credencial.usach.cl,www.diplomadoentecnicasanaliticas.usach.cl,www.portal.usach.cl,www.vicaviged.usach.cl
dcii.usach.cl.,www.dcii.usach.cl
158.170.64.221,capamoodle.segic.cl,www.capamoodle.segic.cl
ingemat.usach.cl.,www.ingemat.usach.cl
dcya.usach.cl.,www.dcya.usach.cl
labcontrol.usach.cl.,www.labcontrol.usach.cl
104.18.20.49,admision-visitas.usach.cl,datosadmision.dei.usach.cl,espera.usach.cl,matricula-online-test.usach.cl,puntajes.usach.cl,services-test.usach.cl,services.usach.cl,usach.cl,www.usach.cl
finginternacional.usach.cl.,www.finginternacional.usach.cl
dac.usach.cl.,www.dac.usach.cl
redaprendizajeactivo.usach.cl.,www.redaprendizajeactivo.usach.cl
encuesta2030.usach.cl.,www.encuesta2030.usach.cl
factec.usach.cl.,www.factec.usach.cl
digeo.usach.cl.,www.digeo.usach.cl
quimicaybiologia.usach.cl.,www.quimicaybiologia.usach.cl
20.62.9.25,admision.ingenieria-industrial.usach.cl,sso.ingenieria-industrial.usach.cl
158.170.9.13,contratos.usach.cl
tbjdns.trabajando.com.,empleosfachuma.usach.cl
lista-espera.usach.cl.,www.lista-espera.usach.cl
158.170.35.166,alumnos.diinf.usach.cl,inicio.diinf.usach.cl,operaciones.diinf.usach.cl,operaciones.informatica.usach.cl,prodlamp.diinf.usach.cl,sitios.diinf.usach.cl,sitios.informatica.usach.cl
158.170.35.167,bogano.diinf.usach.cl,trainer.diinf.usach.cl
158.170.35.164,maas02.diinf.usach.cl
158.170.66.249,beneficios.sea.usach.cl
158.170.66.248,admision-mirror1.usach.cl
adoc.dmcc.usach.cl.,www.adoc.dmcc.usach.cl
doctoradoautomatica.usach.cl.,www.doctoradoautomatica.usach.cl
brotescientificos.usach.cl.,www.brotescientificos.usach.cl
pei2030.usach.cl.,www.pei2030.usach.cl
158.170.35.169,bespin.diinf.usach.cl
158.170.64.78,acreditacionpregrado.usach.cl,www.acreditacionpregrado.usach.cl
enlinea.usach.cl.,www.enlinea.usach.cl
158.170.66.241,pg2.sai.usach.cl,pg-back2.sai.usach.cl,pg-back.sai.usach.cl,pg.sai.usach.cl
158.170.66.168,vimefing.usach.cl,www.vimefing.usach.cl
158.170.66.169,sic.vriic.usach.cl
216.147.212.98,descubridor.usach.cl,repositorio.usach.cl
capacitacion.usach.cl.,www.capacitacion.usach.cl
158.170.66.162,datosqa.usach.cl
neurone.info.,neurone.diinf.usach.cl,neurone.informatica.usach.cl
158.170.80.27,biomat.usach.cl,cbio2020.usach.cl,www.biomat.usach.cl
158.170.11.24,gdcm.usach.cl
dim.usach.cl.,www.dim.usach.cl
fqyb-doctorado-neurociencia.usach.cl.,www.fqyb-doctorado-neurociencia.usach.cl
magestec.usach.cl.,www.magestec.usach.cl
129.213.189.136,delta.usach.cl
oppt.usach.cl.,www.oppt.usach.cl
158.170.10.44,academic-oup-com.ezproxy.usach.cl,accessengineeringlibrary-com.ezproxy.usach.cl,accessengineeringlibrary.com.ezproxy.usach.cl,accessmedicina.mhmedical.com.ezproxy.usach.cl,apps.webofknowledge.com.ezproxy.udesantiago.cl,apps.webofknowledge.com.ezproxy.usach.cl,asmedigitalcollection.asme.org.ezproxy.usach.cl,asmestandardscollection.org.ezproxy.usach.cl,bestpractice.bmj.com.ezproxy.usach.cl,cl.ezproxy.usach.cl,com.ezproxy.usach.cl,doi-org.ezproxy.usach.cl,ebookcentral-proquest-com.ezproxy.usach.cl,elibro-net.ezproxy.usach.cl,enciclo.mienciclo.com.ezproxy.usach.cl,epubs.siam.org.ezproxy.usach.cl,es.bestpractice.bmj.com.ezproxy.usach.cl,ezproxy.udesantiago.cl,ezproxy.usach.cl,hbcponline.com.ezproxy.usach.cl,ieeexplore-ieee-org.ezproxy.usach.cl,ieeexplore.ieee.org.ezproxy.usach.cl,iopscience.iop.org.ezproxy.usach.cl,jcr-clarivate-com.ezproxy.usach.cl,journals-aps-org.ezproxy.usach.cl,journals.aps.org.ezproxy.usach.cl,jstor.org.ezproxy.usach.cl,lib.myilibrary.com.ezproxy.usach.cl,link.springer.com.ezproxy.udesantiago.cl,link-springer-com.ezproxy.usach.cl,login.ezproxy.usach.cl,ncbiinsights-ncbi-nlm-nih-gov.ezproxy.usach.cl,onlinelibrary.wiley.com.ezproxy.udesantiago.cl,org.ezproxy.usach.cl,pcs.webofknowledge.com.ezproxy.udesantiago.cl,plataforma-aenormas-aenor-com.ezproxy.usach.cl,pmc-ncbi-nlm-nih-gov.ezproxy.usach.cl,pubmed-ncbi-nlm-nih-gov.ezproxy.usach.cl,scholar-google-com.ezproxy.usach.cl,site.ebrary.com.ezproxy.usach.cl,webofknowledge.com.ezproxy.usach.cl,www.architectureopenlibrary.com.ezproxy.usach.cl,www.cochranelibrary.com.ezproxy.usach.cl,www.digitaliapublishing.com.ezproxy.usach.cl,www.emeraldinsight.com.ezproxy.usach.cl,www.icevirtuallibrary.com.ezproxy.usach.cl,www.jstor.org.ezproxy.usach.cl,www-ncbi-nlm-nih-gov.ezproxy.usach.cl,www.oecd-ilibrary.org.ezproxy.usach.cl,www.pma.cl.ezproxy.usach.cl,www.sciencedirect.com.ezproxy.udesantiago.cl,www-scopus-com.ezproxy.usach.cl,www-tandfonline-com.ezproxy.usach.cl,www-webofscience-com.ezproxy.usach.cl
64.233.186.121,portal.innovo.usach.cl,portal.segic.usach.cl
jint.usach.cl.,www.jint.usach.cl
geodesychile.usach.cl.,www.geodesychile.usach.cl
eavirtual.arquitectura.usach.cl.,www.eavirtual.arquitectura.usach.cl
fonetica.usach.cl.,www.fonetica.usach.cl
salvoconducto.usach.cl.,www.salvoconducto.usach.cl
facultadtecnologica.usach.cl.,www.facultadtecnologica.usach.cl
doctamer.usach.cl.,www.doctamer.usach.cl
magisterestructuras.usach.cl.,www.magisterestructuras.usach.cl
diagnosticos.usach.cl.,www.diagnosticos.usach.cl
gestion2030.usach.cl.,www.gestion2030.usach.cl
ddp.usach.cl.,www.ddp.usach.cl
158.170.68.90,recintosculturales.sea.usach.cl,recintosdeportivos.sea.usach.cl,sea.usach.cl
ns.reqlut.com.,ferialaboral.usach.cl,laboral.usach.cl,laetitia.usach.cl,www.laboral.usach.cl,www.laetitia.usach.cl
158.170.68.91,csalud.sea.usach.cl
c3.usach.cl.,www.c3.usach.cl
acreditacionpregrado.usach.cl.,www.acreditacionpregrado.usach.cl
198.49.23.144,fudea.usach.cl,www.fudea.usach.cl
198.49.23.145,fudea.usach.cl,www.fudea.usach.cl
158.170.66.39,image-register.dti.usach.cl,www.image-register.dti.usach.cl
158.170.14.64,visible.usach.cl
158.170.77.212,dmcc.usach.cl,doctmat.dmcc.usach.cl,iestadistica.usach.cl,ingemat.usach.cl,lcc.usach.cl,lemc.usach.cl,magister.dmcc.usach.cl,mat.usach.cl,mem.dmcc.usach.cl,plemc.usach.cl,www.dmcc.usach.cl,www.doctmat.dmcc.usach.cl,www.ingemat.usach.cl,www.lcc.usach.cl,www.lemc.usach.cl,www.magister.dmcc.usach.cl,www.mat.usach.cl,www.mem.dmcc.usach.cl,www.plemc.usach.cl
158.170.66.37,apitrayectoria.usach.cl,mailmasivo.segic.cl
cem.usach.cl.,www.cem.usach.cl
158.170.77.211,coorcal3mbi.usach.cl,www.coorcal3mbi.usach.cl
158.170.66.32,cfk.usach.cl,cimtt.usach.cl,www.cfk.usach.cl
nanoseguridad.usach.cl.,www.nanoseguridad.usach.cl
libif.usach.cl.,www.libif.usach.cl
158.170.66.30,vraenew.usach.cl,vrae.usach.cl,www.vrae.usach.cl
158.170.66.31,efing-qa.usach.cl
158.170.66.210,koyaku.usach.cl,magisterestructuras.usach.cl,obrasciviles.usach.cl,www.koyaku.usach.cl,www.magisterestructuras.usach.cl,www.obrasciviles.usach.cl
158.170.66.212,patrimonio.usach.cl,www.patrimonio.usach.cl
158.170.66.213,dimin.usach.cl
requerimientos.usach.cl.,www.requerimientos.usach.cl
r1.mailin.fr.,r.r.usach.cl
158.170.66.216,die.usach.cl,doctoradoautomatica.usach.cl,doctorado.energiasostenible.usach.cl,e2tech.usach.cl,magisterelectrica.usach.cl,www.die.usach.cl,www.doctoradoautomatica.usach.cl,www.doctorado.energiasostenible.usach.cl,www.e2tech.usach.cl,www.magisterelectrica.usach.cl
158.170.66.217,dev-api.dti.usach.cl
rrhh.usach.cl.,www.rrhh.usach.cl
192.140.57.30,editorial.usach.cl,www.editorial.usach.cl
vpn.usach.cl.,www.vpn.usach.cl
teknos.usach.cl.,www.teknos.usach.cl
tbjdnscltbj.trabajando.com.,www.formacionyeducacion.usach.cl
incuba.arica.usach.cl.,www.incuba.arica.usach.cl
cides.usach.cl.,www.cides.usach.cl
158.170.10.236,legacy.registro.usach.cl
r.mailin.fr.,r.r.usach.cl
158.170.66.68,pruebas.biocov.usach.cl
158.170.66.65,movilidadinterna.usach.cl,www.movilidadinterna.usach.cl
158.170.66.64,api.dti.usach.cl,api.gestion-postgrado.usach.cl,firmagob.usach.cl,gestion-postgrado.usach.cl,postulacion-postgrado.usach.cl,seguimiento.dgde.usach.cl,www.api.dti.usach.cl,www.gestion-postgrado.usach.cl,www.postulacion-postgrado.usach.cl
mhe.usach.cl.,www.mhe.usach.cl
admisiondimec.usach.cl.,www.admisiondimec.usach.cl
158.170.66.67,campusseguro.usach.cl,salvoconducto.usach.cl,www.campusseguro.usach.cl,www.salvoconducto.usach.cl
sistemareservassalones.vime.usach.cl.,www.sistemareservassalones.vime.usach.cl
158.170.66.66,acreditacion2020.usach.cl,www.acreditacion2020.usach.cl
innovo.usach.cl.,www.innovo.usach.cl
egresados.usach.cl.,www.egresados.usach.cl
cecomp.usach.cl.,www.cecomp.usach.cl
radiousach.cl.,radio.usach.cl,www.radio.usach.cl
movilidadinterna.usach.cl.,www.movilidadinterna.usach.cl
egresadoscpa.usach.cl.,www.egresadoscpa.usach.cl
158.170.66.62,pei.usach.cl,www.pei.usach.cl
usach.primo.exlibrisgroup.com.,descubridor.usach.cl,repositorio.usach.cl
dicyt.usach.cl.,www.dicyt.usach.cl
158.170.66.119,sirmai.vime.usach.cl
158.170.66.118,datos.usach.cl
mat.usach.cl.,www.mat.usach.cl
analisisdeprocesos.usach.cl.,www.analisisdeprocesos.usach.cl
158.170.66.112,asambleaconstituyente.citiaps.usach.cl
158.170.66.111,cerronavia.citiaps.usach.cl,encuestapostgrado.usach.cl,macul.citiaps.usach.cl,municipalidades.citiaps.usach.cl,portalcapacitaciones.usach.cl,sanjoaquin.citiaps.usach.cl
192.140.56.40,cpanel.smartcitylab-usach.cl,mail.smartcitylab-usach.cl,smartcitylab-usach.cl,smartcitylab.usach.cl,webdisk.smartcitylab-usach.cl,webmail.smartcitylab-usach.cl,www.smartcitylab-usach.cl,www.smartcitylab.usach.cl
digea.usach.cl.,www.digea.usach.cl
158.170.68.30,qara2.sai.usach.cl,qara.sai.usach.cl
listaespera.usach.cl.,www.listaespera.usach.cl
158.170.68.31,camposclinicosycentrosdepractica.usach.cl
pagoenlinea-test.usach.cl.,www.pagoenlinea-test.usach.cl
158.170.66.115,analisisdeprocesos.usach.cl,diseno.usach.cl,mail.diseno.usach.cl,tdi.usach.cl,webmail.diseno.usach.cl,www.analisisdeprocesos.usach.cl,www.diseno.usach.cl,www.tdi.usach.cl
158.170.68.32,acreditacion-admision-qr.usach.cl,ticket-casino.usach.cl
158.170.68.33,dipmad.usach.cl,www.dipmad.usach.cl
decytal.usach.cl.,www.decytal.usach.cl
vimefing.usach.cl.,www.vimefing.usach.cl
historia.udesantiago.cl.,www.historia.udesantiago.cl
ticpaiep.usach.cl.,www.ticpaiep.usach.cl
dinem.usach.cl.,www.dinem.usach.cl
metalurgia.usach.cl.,www.metalurgia.usach.cl
158.170.64.171,educo.usach.cl,www.educo.usach.cl
vridei.usach.cl.,vrid.usach.cl,www.vridei.usach.cl,www.vrid.usach.cl
fciencia.usach.cl.,www.fciencia.usach.cl
pei.usach.cl.,www.pei.usach.cl
api.dti.usach.cl.,www.api.dti.usach.cl
gestion-postgrado.usach.cl.,api.gestion-postgrado.usach.cl,www.gestion-postgrado.usach.cl
dga.usach.cl.,www.dga.usach.cl
egresadospedagogiaqyb.usach.cl.,www.egresadospedagogiaqyb.usach.cl
158.170.107.39,labteldie.usach.cl,www.labteldie.usach.cl
sustentabilidades.usach.cl.,www.sustentabilidades.usach.cl
dipedi.usach.cl.,www.dipedi.usach.cl
educacioncontinua.usach.cl.,www.educacioncontinua.usach.cl
dssee.usach.cl.,www.dssee.usach.cl
formaciondocente.vra.usach.cl.,www.formaciondocente.vra.usach.cl
201.148.105.43,cpanel.ingenieriaindustrial-usach.cl,ingenieriaindustrial-usach.cl,ingenieriaindustrial.usach.cl,mail.ingenieriaindustrial-usach.cl,webdisk.ingenieriaindustrial-usach.cl,webmail.ingenieriaindustrial-usach.cl,www.ingenieriaindustrial-usach.cl,www.ingenieriaindustrial.usach.cl
paiep.usach.cl.,www.paiep.usach.cl
158.170.64.102,cvirtual.usach.cl,uvirtual.usach.cl,www.uvirtual.usach.cl
158.170.64.101,enfermeria.usach.cl
200.91.46.252,radio.usach.cl,www.radio.usach.cl
158.170.64.106,diagnosticos.usach.cl,evaluaciondocente.usach.cl,evaluacion.usach.cl,formaciondocente.vra.usach.cl,liceos.usach.cl,periododetransicion.usach.cl,salas.usach.cl,www.diagnosticos.usach.cl,www.evaluaciondocente.usach.cl,www.evaluacion.usach.cl,www.formaciondocente.vra.usach.cl,www.liceos.usach.cl,www.periododetransicion.usach.cl,www.salas.usach.cl
158.170.35.87,citiaps1.diinf.usach.cl
ciheap.usach.cl.,www.ciheap.usach.cl
ensayospdt.usach.cl.,www.ensayospdt.usach.cl
biomat.usach.cl.,www.biomat.usach.cl
doctorado-quimica.usach.cl.,www.doctorado-quimica.usach.cl
ux1d.usach.cl.,www.ux1d.usach.cl
ciis.usach.cl.,www.ciis.usach.cl
visitas.usach.cl.,www.visitas.usach.cl
158.170.10.68,baker.usach.cl
ciudadycalidad.usach.cl.,www.ciudadycalidad.usach.cl
158.170.4.2,ntp.usach.cl
rectoria.usach.cl.,www.rectoria.usach.cl
frontend.citiaps.usach.cl.,taiga.citiaps.usach.cl
158.170.10.63,adela.usach.cl
158.170.10.65,baker.usach.cl
mcii.usach.cl.,www.mcii.usach.cl
158.170.10.67,cui.segic.cl,login.cui.segic.cl,www.cui.segic.cl
dmcc.usach.cl.,www.dmcc.usach.cl
158.170.68.105,redcap.usach.cl
eicsr.usach.cl.,www.eicsr.usach.cl
158.170.64.48,www.geovrid.usach.cl
165.227.49.255,neurone.diinf.usach.cl,neurone.informatica.usach.cl
cecta.usach.cl.,www.cecta.usach.cl
158.170.35.193,devaron.diinf.usach.cl,interaction.diinf.usach.cl,interaction.informatica.usach.cl,interaction-lab.informatica.usach.cl,lsg.diinf.usach.cl
158.170.35.191,alderan.diinf.usach.cl,diinf.usach.cl,informatica.usach.cl,www.diinf.usach.cl,www.informatica.usach.cl
158.170.35.190,mesadeayuda.diinf.usach.cl,mesadeayuda.informatica.usach.cl,ryloth.diinf.usach.cl
158.170.64.46,aulavirtual.usach.cl,www.aulavirtual.usach.cl
filosofia.usach.cl.,www.filosofia.usach.cl
158.170.35.196,felucia.diinf.usach.cl,interaction-dashboard.diinf.usach.cl,interaction-lab.diinf.usach.cl
158.170.35.195,cecta.usach.cl,endor.diinf.usach.cl,www.cecta.usach.cl
segic.cl.,transparencia.segic.cl,www.segic.cl
158.170.64.42,ldap.usach.cl
158.170.10.34,minio.segic.cl
editorialusach.cl.,editorial.usach.cl,www.editorial.usach.cl
gafevol.usach.cl.,www.gafevol.usach.cl
evic2018.usach.cl.,www.evic2018.usach.cl
158.170.10.33,api.firma-digital.usach.cl,backend.firma-digital.usach.cl,firma-digital.usach.cl
possibilism.usach.cl.,www.possibilism.usach.cl
104.21.34.194,contraloriausach.cl,www.contraloriausach.cl
158.170.66.92,ciudadsur.usach.cl,escuelasmassaludables.usach.cl,escuelas.usach.cl
publicidad.usach.cl.,www.publicidad.usach.cl
158.170.66.94,cices.usach.cl,www.cices.usach.cl
158.170.66.96,revistas.usach.cl,www.revistas.usach.cl
158.170.66.97,recursosegb.usach.cl
158.170.66.98,sgidev.fing.usach.cl
tuci.usach.cl.,www.tuci.usach.cl
158.170.66.99,adminnpm66.usach.cl
mma.ingenieria.usach.cl.,www.mma.ingenieria.usach.cl
servicios-ibero.usach.cl.,www.servicios-ibero.usach.cl
dps.usach.cl.,www.dps.usach.cl
158.170.66.46,sfp.usach.cl,www.sfp.usach.cl
158.170.66.45,efing-dev.usach.cl,prontus.admision.usach.cl
158.170.66.44,analisisdac.usach.cl,www.analisisdac.usach.cl
lictex.usach.cl.,www.lictex.usach.cl
obrasciviles.usach.cl.,www.obrasciviles.usach.cl
cgem.usach.cl.,www.cgem.usach.cl
cibap.usach.cl.,www.cibap.usach.cl
158.170.66.48,admision.ingenieria.usach.cl,arquitectura.usach.cl,aularecords.usach.cl,extension.usach.cl,fqyb-doctorado-neurociencia.usach.cl,fqyb-magister-quimica.usach.cl,idea.usach.cl,metalurgia.usach.cl,psicologia.usach.cl,www.arquitectura.usach.cl,www.extension.usach.cl,www.fqyb-doctorado-neurociencia.usach.cl,www.idea.usach.cl,www.metalurgia.usach.cl,www.psicologia.usach.cl
158.170.68.56,becas.atiende.usach.cl,cade.usach.cl,denuncias.usach.cl,soporte.usach.cl,teletrabajo.usach.cl
cide.usach.cl.,www.cide.usach.cl
158.170.68.57,consprod.sai.usach.cl
tdi.usach.cl.,www.tdi.usach.cl
pares.usach.cl.,www.pares.usach.cl
agroecologia.usach.cl.,www.agroecologia.usach.cl
udesantiagoaldia.usach.cl.,www.udesantiagoaldia.usach.cl
magingquimica.usach.cl.,www.magingquimica.usach.cl
cdfae-test.usach.cl.,www.cdfae-test.usach.cl
magiet.usach.cl.,www.magiet.usach.cl
158.170.66.228,agendabpe.sea.usach.cl
cachorrosfae.usach.cl.,www.cachorrosfae.usach.cl
koyaku.usach.cl.,www.koyaku.usach.cl
admision.usach.cl.,www.admision.usach.cl
tbjdns_cl_npp.trabajando.com.,empleosfactec.usach.cl
158.170.66.223,dtg.usach.cl,tecnologias.usach.cl,www.dtg.usach.cl,www.tecnologias.usach.cl
158.170.66.225,portalfacturas.usach.cl
158.170.66.224,aprendepaiep.usach.cl,www.aprendepaiep.usach.cl
economiacircular.usach.cl.,www.economiacircular.usach.cl
158.170.66.144,dimectst.usach.cl,dimec.usach.cl,www.dimectst.usach.cl,www.dimec.usach.cl
e2tech.usach.cl.,www.e2tech.usach.cl
dep.usach.cl.,www.dep.usach.cl
158.170.66.145,educofahu.usach.cl,www.educofahu.usach.cl
tbjdns_cl_tbj.trabajando.com.,empresas.empleosfactec.usach.cl,empresas.usach.cl
158.170.66.140,elearning.cai.usach.cl
158.170.66.141,backend2.citiaps.usach.cl,cavernoticon.citiaps.usach.cl
158.170.66.142,appsmundosenior.citiaps.usach.cl
reddeaprendizajeactivo.usach.cl.,www.reddeaprendizajeactivo.usach.cl
158.170.66.143,aysana.citiaps.usach.cl
aprendepaiep.usach.cl.,www.aprendepaiep.usach.cl
158.170.66.148,api.geodesychile.usach.cl,geodesychile.usach.cl,prontus.geodesychile.usach.cl,solutions.geodesychile.usach.cl,utilities.geodesychile.usach.cl,www.geodesychile.usach.cl
propuesta-cteo-tst.usach.cl.,www.propuesta-cteo-tst.usach.cl
158.170.35.66,hoth.diinf.usach.cl
158.170.64.121,reuna.usach.cl,www.reuna.usach.cl
laboratorios.qyb.usach.cl.,www.laboratorios.qyb.usach.cl
1.179.112.196,r.r.usach.cl
158.170.64.128,adoc.dmcc.usach.cl,ayudantias.dmcc.usach.cl,www.adoc.dmcc.usach.cl
158.170.64.210,659e058fb1162ac34e47f342b9b2b5e3.usach.cl
formulario.usach.cl.,www.formulario.usach.cl
guiaweb.usach.cl.,www.guiaweb.usach.cl
dti.usach.cl.,www.dti.usach.cl
cambalache.usach.cl.,www.cambalache.usach.cl
dimec.usach.cl.,www.dimec.usach.cl
sistemaoirs.usach.cl.,www.sistemaoirs.usach.cl
isidoraaguirre.usach.cl.,www.isidoraaguirre.usach.cl
pefft.usach.cl.,www.pefft.usach.cl
cteo.usach.cl.,www.cteo.usach.cl
direcciondegenero.usach.cl.,www.direcciondegenero.usach.cl
158.170.66.19,sgd.fahu.usach.cl,themis.space.usach.cl
lemc.usach.cl.,www.lemc.usach.cl
dtg.usach.cl.,www.dtg.usach.cl
158.170.10.247,qaplaneacionra.usach.cl
solicitudes.ciencia.usach.cl.,www.solicitudes.ciencia.usach.cl
ecdp.die.usach.cl.,www.ecdp.die.usach.cl
76.76.21.9,www.recursosaprendizajecastellano.usach.cl
diq.usach.cl.,www.diq.usach.cl
158.170.66.14,deai.usach.cl,dps.usach.cl,ecamp.usach.cl,ffroemel.usach.cl,fude.usach.cl,informaticos.usach.cl,www.dps.usach.cl,www.fude.usach.cl,www.informaticos.usach.cl,www.ups.udesantiago.cl
fourier.usach.cl.,doctmat.usach.cl,geogebra.usach.cl
158.170.64.242,rahue.usach.cl
archivodga.usach.cl.,www.archivodga.usach.cl
test.helpdesk.usach.cl.,www.test.helpdesk.usach.cl
encuestas.usach.cl.,www.encuestas.usach.cl
informaticos.usach.cl.,www.informaticos.usach.cl
172.67.164.52,contraloriausach.cl,www.contraloriausach.cl
pace.usach.cl.,www.pace.usach.cl
vicaviged.usach.cl.,www.vicaviged.usach.cl
pagaredearancel.usach.cl.,www.pagaredearancel.usach.cl
158.170.10.51,helpdesk.segic.cl,requerimientos.usach.cl,www.helpdesk.segic.cl,www.requerimientos.usach.cl
matricula-ibero.usach.cl.,www.matricula-ibero.usach.cl
158.170.10.53,truenas.segic.cl
www.segic.cl.,transparencia.segic.cl
solicitudinformacion.usach.cl.,www.solicitudinformacion.usach.cl
158.170.11.16,dev.cdfing.usach.cl
158.170.10.58,baker.usach.cl
158.170.66.176,consultaelectoral.usach.cl,cursoinvierno.usach.cl,debate.usach.cl,encuestadocente.usach.cl,encuestasuseso.usach.cl,inscripcioncandidaturas.usach.cl,micredencial.usach.cl
158.170.11.12,dev.fing.usach.cl
158.170.66.170,dev2.sai.usach.cl,dev-back2.sai.usach.cl,dev-back.sai.usach.cl,dev.sai.usach.cl,sai.fing-gestion.usach.cl,sai.fing.usach.cl
158.170.11.13,dev2.fing.usach.cl,sasdev2.fing.usach.cl
158.170.11.10,siga.fing.usach.cl
www.fing.usach.cl.,fing.usach.cl
fcm.usach.cl.,www.fcm.usach.cl
doctmat.dmcc.usach.cl.,www.doctmat.dmcc.usach.cl
ceusllanquihue.usach.cl.,www.ceusllanquihue.usach.cl
vime.arquitectura.usach.cl.,www.vime.arquitectura.usach.cl
sis-bienestar.usach.cl.,www.sis-bienestar.usach.cl
charlas2021.usach.cl.,www.charlas2021.usach.cl
acreditacion.usach.cl.,www.acreditacion.usach.cl
tuaqf.usach.cl.,www.tuaqf.usach.cl
magister.dmcc.usach.cl.,www.magister.dmcc.usach.cl
162.240.146.170,educofacimed.usach.cl,www.educofacimed.usach.cl
fude.usach.cl.,www.fude.usach.cl
virtualizacionqyb.usach.cl.,www.virtualizacionqyb.usach.cl
fae.usach.cl.,www.fae.usach.cl
mem.dmcc.usach.cl.,www.mem.dmcc.usach.cl
helpdesk.segic.cl.,www.helpdesk.segic.cl
158.170.68.85,dspace.usach.cl,sgd.usach.cl
mastermida.usach.cl.,www.mastermida.usach.cl
158.170.68.87,activofijo.usach.cl,adminnpm68.usach.cl,erp.usach.cl,portainer-68.88.usach.cl
158.170.68.86,firmaclaveunica.usach.cl,servicios-firma.usach.cl
158.170.68.81,firmausach-dev.usach.cl
tecnologias.usach.cl.,www.tecnologias.usach.cl
cipp.usach.cl.,www.cipp.usach.cl
cachorro2017.usach.cl.,www.cachorro2017.usach.cl
gloriacardenasjiron.usach.cl.,www.gloriacardenasjiron.usach.cl
52.7.225.133,cides.usach.cl,www.cides.usach.cl
loa.usach.cl.,www.loa.usach.cl
eciades.usach.cl.,www.eciades.usach.cl
economia.usach.cl.,www.economia.usach.cl
patrimonio.usach.cl.,www.patrimonio.usach.cl
nomasviolencia.usach.cl.,www.nomasviolencia.usach.cl
portalfisicaeducativa.usach.cl.,www.portalfisicaeducativa.usach.cl
educo.usach.cl.,www.educo.usach.cl
158.170.10.193,adminnpm.usach.cl,checkmk.usach.cl,consola.usach.cl,cuentas2.segic.cl,cuentas2.usach.cl,cuentas-test.segic.cl,deploy.usach.cl,login.dei.usach.cl,oauth.prd.usach.cl
fahu.usach.cl.,www.fahu.usach.cl
endfisica.usach.cl.,www.endfisica.usach.cl
158.170.66.201,atiende.usach.cl
158.170.66.200,nanoseguridad.usach.cl,www.nanoseguridad.usach.cl
158.170.66.207,arquitecturacontemporaneaentierra.usach.cl,capacitacion.usach.cl,cipp.usach.cl,diplomadorecursoshidricos.usach.cl,economiacircular.usach.cl,empresasyfundaciones.usach.cl,www.arquitecturacontemporaneaentierra.usach.cl,www.capacitacion.usach.cl,www.cipp.usach.cl,www.diplomadorecursoshidricos.usach.cl,www.economiacircular.usach.cl,www.empresasyfundaciones.usach.cl
evaluaciondocente.usach.cl.,www.evaluaciondocente.usach.cl
empresasyfundaciones.usach.cl.,www.empresasyfundaciones.usach.cl
158.170.66.209,solicitudes.ciencia.usach.cl,www.solicitudes.ciencia.usach.cl
158.170.66.208,algebra1.dmcc.usach.cl,algebra2.dmcc.usach.cl,calculo1.dmcc.usach.cl,calculo2.dmcc.usach.cl,calculo3.dmcc.usach.cl,diplomadoestadistica.usach.cl,doctmat.usach.cl,ecuacionesymetodos.dmcc.usach.cl,ecuadif.dmcc.usach.cl,fourier.usach.cl,gafevol.usach.cl,geogebra.usach.cl,gepeci.usach.cl,metodosnumericos.dmcc.usach.cl,netlizama.usach.cl,www.diplomadoestadistica.usach.cl,www.gafevol.usach.cl
internacional.usach.cl.,www.internacional.usach.cl
158.170.64.38,servicioswebdev.segic.cl
revistas.usach.cl.,www.revistas.usach.cl
158.170.35.2,russan.diinf.usach.cl
cambioporvocacion.usach.cl.,www.cambioporvocacion.usach.cl
158.170.35.8,array.diinf.usach.cl,array.informatica.usach.cl,biomedica.diinf.usach.cl,biomedica.informatica.usach.cl,dagobah.diinf.usach.cl,evic2018.diinf.usach.cl,evic2018.informatica.usach.cl,evic2018.usach.cl,evic.diinf.usach.cl,evic.informatica.usach.cl,leomedina.diinf.usach.cl,leomedina.informatica.usach.cl,mo.diinf.usach.cl,mo.informatica.usach.cl,motions.diinf.usach.cl,motions.informatica.usach.cl,neuroeng.diinf.usach.cl,neuroeng.informatica.usach.cl,rgonzalez.diinf.usach.cl,rgonzalez.informatica.usach.cl,starejs.diinf.usach.cl,starejs.informatica.usach.cl,ups01.diinf.usach.cl,ups02.diinf.usach.cl,ups03.diinf.usach.cl,vchang.diinf.usach.cl,vchang.informatica.usach.cl,www.evic2018.usach.cl
psicologia.usach.cl.,www.psicologia.usach.cl
158.170.64.33,fondocredito.usach.cl,mauchin.usach.cl,sishelen.usach.cl,www.fondocredito.usach.cl
158.170.64.35,git.segic.cl,postergacionmatricula.usach.cl,serviciosweb.usach.cl
vrae.usach.cl.,www.vrae.usach.cl
carreras.usach.cl.,www.carreras.usach.cl
158.170.68.29,raora2.sai.usach.cl,raora.sai.usach.cl
158.170.66.128,citiaps.usach.cl,emergencias.citiaps.usach.cl,emergencias.usach.cl,innovadiinf.usach.cl,mundosenior.citiaps.usach.cl,mundosenior.usach.cl,observatorios.citiaps.usach.cl,observatorios.usach.cl,proyectos.citiaps.usach.cl,sitiosweb.usach.cl,www.citiaps.usach.cl
cye.usach.cl.,www.cye.usach.cl
ciet.usach.cl.,www.ciet.usach.cl
158.170.68.28,cdfae-test.usach.cl,www.cdfae-test.usach.cl
158.170.68.26,dgdedenuncias.usach.cl
capamoodle.segic.cl.,www.capamoodle.segic.cl
158.170.66.122,bkd.ayllu.citiaps.usach.cl
158.170.68.22,ora.sai.usach.cl
158.170.66.123,fahu2.usach.cl,fahu.usach.cl,www.fahu.usach.cl
158.170.66.120,voluntarios.pybosa.citiaps.usach.cl
158.170.64.67,pei2030.usach.cl,www.pei2030.usach.cl
158.170.64.66,calidad.usach.cl,usachteapoya.usach.cl,www.calidad.usach.cl,www.usachteapoya.usach.cl
158.170.64.65,gestion2030.usach.cl,www.gestion2030.usach.cl
158.170.64.64,encuesta2030.usach.cl,pagos.usach.cl,www.encuesta2030.usach.cl,www.pagos.usach.cl
190.107.177.247,admisiondimec.usach.cl,www.admisiondimec.usach.cl
niif-ifrs.usach.cl.,www.niif-ifrs.usach.cl
190.107.177.242,publicidad.usach.cl,www.publicidad.usach.cl
campusseguro.usach.cl.,www.campusseguro.usach.cl
tips2021.usach.cl.,www.tips2021.usach.cl
dimectst.usach.cl.,www.dimectst.usach.cl
158.170.64.68,acreditacionpostgrado.usach.cl
