subdomain,ip
659e058fb1162ac34e47f342b9b2b5e3.usach.cl,158.170.64.210
academica3.usach.cl,158.170.66.27
academic-oup-com.ezproxy.usach.cl,158.170.10.44
accessengineeringlibrary-com.ezproxy.usach.cl,158.170.10.44
accessengineeringlibrary.com.ezproxy.usach.cl,158.170.10.44
accessmedicina.mhmedical.com.ezproxy.usach.cl,158.170.10.44
acreditacion2020.usach.cl,158.170.66.66
acreditacion-admision-qr.usach.cl,158.170.68.32
acreditacionpostgrado.usach.cl,158.170.64.68
acreditacionpregrado.usach.cl,158.170.64.78
acreditacion.usach.cl,158.170.64.150
activofijo.usach.cl,158.170.68.87
adela.usach.cl,158.170.10.63
adin.usach.cl,158.170.64.150
adminnpm66.usach.cl,158.170.66.99
adminnpm68.usach.cl,158.170.68.87
adminnpm69.usach.cl,158.170.69.11
adminnpm.usach.cl,158.170.10.193
admisionagenda-test.usach.cl,158.170.64.207
admisionagenda.usach.cl,158.170.64.207
admisiondimec.usach.cl,190.107.177.247
admision.ingenieria-industrial.usach.cl,20.62.9.25
admision.ingenieria.usach.cl,158.170.66.48
admision-mirror1.usach.cl,158.170.66.248
admision.usach.cl,158.170.64.154
admision-visitas.usach.cl,104.18.20.49
admision-visitas.usach.cl,104.18.21.49
adoc.dmcc.usach.cl,158.170.64.128
adquisiciones.udesantiago.cl,158.170.64.116
adquisiciones.usach.cl,158.170.64.113
agendabpe.sea.usach.cl,158.170.66.228
agroecologia.usach.cl,158.170.64.116
alderan.diinf.usach.cl,158.170.35.191
algebra1.dmcc.usach.cl,158.170.66.208
algebra2.dmcc.usach.cl,158.170.66.208
alumnifae.usach.cl,138.186.9.52
alumnos.diinf.usach.cl,158.170.35.166
analisisdac.usach.cl,158.170.66.44
analisisdeprocesos.usach.cl,158.170.66.115
apiapp.admision.usach.cl,158.170.64.209
api.dti.usach.cl,158.170.66.64
api-externa.usach.cl,158.170.64.58
api.firma-digital.usach.cl,158.170.10.33
api.geodesychile.usach.cl,158.170.66.148
api.gestion-postgrado.usach.cl,gestion-postgrado.usach.cl.
api.gestion-postgrado.usach.cl,158.170.66.64
apisai.usach.cl,158.170.10.102
api.segic.cl,158.170.69.11
apitrayectoria.usach.cl,158.170.66.37
appsmundosenior.citiaps.usach.cl,158.170.66.142
apps.webofknowledge.com.ezproxy.udesantiago.cl,158.170.10.44
apps.webofknowledge.com.ezproxy.usach.cl,158.170.10.44
appvincula.usach.cl,158.170.66.136
aprendepaiep.usach.cl,158.170.66.224
archivodga.usach.cl,158.170.66.26
archivopatrimonial.usach.cl,158.170.66.24
arquitecturacontemporaneaentierra.usach.cl,158.170.66.207
arquitectura.usach.cl,158.170.66.48
array.diinf.usach.cl,158.170.35.8
array.informatica.usach.cl,158.170.35.8
asambleaconstituyente.citiaps.usach.cl,158.170.66.112
asmedigitalcollection.asme.org.ezproxy.usach.cl,158.170.10.44
asmestandardscollection.org.ezproxy.usach.cl,158.170.10.44
asoacad.usach.cl,158.170.64.150
atiende.usach.cl,158.170.66.201
aularecords.usach.cl,158.170.66.48
aulavirtual2.educacion.usach.cl,158.170.66.58
aulavirtual.educacion.usach.cl,158.170.66.58
aulavirtual.usach.cl,158.170.64.46
autoevaluacion2019.usach.cl,158.170.64.150
aysana.citiaps.usach.cl,158.170.66.143
ayudantias.dmcc.usach.cl,158.170.64.128
backend2.citiaps.usach.cl,158.170.66.141
backend.firma-digital.usach.cl,158.170.10.33
baker.usach.cl,158.170.10.65
baker.usach.cl,158.170.10.58
baker.usach.cl,158.170.10.68
becas.atiende.usach.cl,158.170.68.56
beneficio-matricula.usach.cl,158.170.64.86
beneficios.sea.usach.cl,158.170.66.249
bepostulacionesvrae.usach.cl,158.170.66.22
bespin.diinf.usach.cl,158.170.35.169
bestpractice.bmj.com.ezproxy.usach.cl,158.170.10.44
biblioteca.usach.cl,158.170.64.150
biomat.usach.cl,158.170.80.27
biomedica.diinf.usach.cl,158.170.35.8
biomedica.informatica.usach.cl,158.170.35.8
bkd.ayllu.citiaps.usach.cl,158.170.66.122
blacpma.usach.cl,158.170.64.110
blearning.usach.cl,158.170.64.116
bogano.diinf.usach.cl,158.170.35.167
boletindepostgrado.usach.cl,158.170.64.150
boletin.segic.cl,158.170.64.110
brotescientificos.usach.cl,158.170.66.230
c3.usach.cl,158.170.66.194
cachorro2017.usach.cl,158.170.64.86
cachorrosfae.usach.cl,158.170.66.194
cade.usach.cl,158.170.68.56
cai.usach.cl,caiusach.cl.
cai.usach.cl,67.208.40.192
calculo1.dmcc.usach.cl,158.170.66.208
calculo2.dmcc.usach.cl,158.170.66.208
calculo3.dmcc.usach.cl,158.170.66.208
calidaddelaire.usach.cl,158.170.64.150
calidad.usach.cl,158.170.64.66
cambalache.usach.cl,158.170.64.150
cambioporvocacion.usach.cl,158.170.77.129
camposclinicosycentrosdepractica.usach.cl,158.170.68.31
campusseguro.usach.cl,158.170.66.67
campus.usach.cl,158.170.64.150
canaldedenuncias.usach.cl,158.170.66.237
canvas.usach.cl,158.170.64.150
capacitacion.segic.cl,158.170.66.153
capacitacion.std.usach.cl,158.170.66.59
capacitacion.usach.cl,158.170.66.207
capamoodle.segic.cl,158.170.64.221
capa.online.usach.cl,158.170.64.205
carreras.usach.cl,158.170.64.150
cavernoticon.citiaps.usach.cl,158.170.66.141
cba.usach.cl,158.170.64.150
cbio2020.usach.cl,158.170.80.27
cdfae-test.usach.cl,158.170.68.28
cdfing.usach.cl,158.170.11.66
cecomp.usach.cl,158.170.64.150
cecta.usach.cl,158.170.35.195
cef.usach.cl,158.170.66.101
cei.usach.cl,158.170.66.230
cem.usach.cl,158.170.64.150
cepec.usach.cl,158.170.64.150
cerronavia.citiaps.usach.cl,158.170.66.111
ceusllanquihue.usach.cl,158.170.64.150
cfk.usach.cl,158.170.66.32
cgem.usach.cl,158.170.64.110
charlas2021.usach.cl,158.170.66.153
chatadmision.usach.cl,158.170.68.63
chatadquisiciones.usach.cl,158.170.68.63
chatdenuncias.usach.cl,158.170.68.63
chatfondosolidario.usach.cl,158.170.68.63
checkmk.usach.cl,158.170.10.193
cibap.usach.cl,158.170.64.150
cices.usach.cl,158.170.66.94
cides.usach.cl,52.7.225.133
cide.usach.cl,158.170.64.150
ciescoop.usach.cl,158.170.66.194
ciet.usach.cl,138.186.9.52
ciheap.usach.cl,158.170.66.194
ciis.usach.cl,158.170.64.150
cimtt.usach.cl,158.170.66.32
cipp.usach.cl,158.170.66.207
citiaps1.diinf.usach.cl,158.170.35.87
citiaps.usach.cl,158.170.66.128
ciudadsur.citiaps.usach.cl,158.170.66.137
ciudadsur.usach.cl,158.170.66.92
cladhe6.usach.cl,158.170.66.194
cl.ezproxy.usach.cl,158.170.10.44
cli.usach.cl,158.170.64.204
cloud.segic.cl,158.170.66.22
com.ezproxy.usach.cl,158.170.10.44
congreso2021.usach.cl,158.170.64.150
consejouniversitario.usach.cl,158.170.66.237
consola.usach.cl,158.170.10.193
consprod.sai.usach.cl,158.170.68.57
consultaelectoral.usach.cl,158.170.66.176
contraloria.usach.cl,158.170.64.150
contraloriausach.cl,172.67.164.52
contraloriausach.cl,104.21.34.194
contratos.usach.cl,158.170.9.13
controlaccountability.usach.cl,158.170.64.150
coorcal3mbi.usach.cl,158.170.77.211
corelia.diinf.usach.cl,158.170.35.40
cpanel.ingenieriaindustrial-usach.cl,201.148.105.43
cpanel.smartcitylab-usach.cl,192.140.56.40
credencial-oauth.usach.cl,158.170.64.26
credencial.usach.cl,158.170.64.154
creditocomplementario.usach.cl,158.170.64.24
csalud.sea.usach.cl,158.170.68.91
csalud.usach.cl,158.170.64.116
csl.diinf.usach.cl,158.170.35.151
cslmg.diinf.usach.cl,158.170.35.151
cteo.usach.cl,158.170.64.150
cuentas2.segic.cl,158.170.10.193
cuentas2.usach.cl,158.170.10.193
cuentas-test.segic.cl,158.170.10.193
cui.segic.cl,158.170.10.67
cui-test.segic.cl,158.170.10.74
cuotabasica2.usach.cl,158.170.64.24
cuotabasica.usach.cl,158.170.64.24
cupos-directos.admision.usach.cl,158.170.64.207
cursoinvierno.usach.cl,158.170.66.176
cvirtual.usach.cl,uvirtual.usach.cl.
cvirtual.usach.cl,158.170.64.102
cye.usach.cl,158.170.64.150
dac.usach.cl,158.170.64.150
dagobah.diinf.usach.cl,158.170.35.8
datosadmision.dei.usach.cl,104.18.20.49
datosadmision.dei.usach.cl,104.18.21.49
datosqa.usach.cl,158.170.66.162
datos.usach.cl,158.170.66.118
dca.usach.cl,158.170.64.150
dciind.usach.cl,158.170.64.150
dcii.usach.cl,158.170.64.150
dcya.usach.cl,158.170.64.150
ddp.usach.cl,158.170.64.150
deai.usach.cl,158.170.66.14
debate.usach.cl,158.170.66.176
decytal.usach.cl,158.170.64.150
dei.usach.cl,158.170.66.237
delta.usach.cl,129.213.189.136
denunciascontraloria.usach.cl,158.170.66.199
denuncias.usach.cl,158.170.68.56
departamentodeportes.usach.cl,158.170.64.116
deploy.usach.cl,158.170.10.193
deptmeeting.diinf.usach.cl,158.170.35.27
dep.usach.cl,158.170.64.150
derecho.usach.cl,158.170.66.78
descubridor.usach.cl,usach.primo.exlibrisgroup.com.
descubridor.usach.cl,na06.primo.exlibrisgroup.com.
descubridor.usach.cl,216.147.212.98
despega.usach.cl,158.170.66.230
dev2.fing.usach.cl,158.170.11.13
dev2.sai.usach.cl,158.170.66.170
dev-api.dti.usach.cl,158.170.66.217
devaron.diinf.usach.cl,158.170.35.193
dev-back2.sai.usach.cl,158.170.66.170
dev-back.sai.usach.cl,158.170.66.170
dev.cdfing.usach.cl,158.170.11.16
dev.fing.usach.cl,158.170.11.12
dev.sai.usach.cl,158.170.66.170
dfii.usach.cl,158.170.77.129
dga.usach.cl,158.170.64.150
dgdedenuncias.usach.cl,158.170.68.26
dgpp.usach.cl,138.186.9.52
dgt.usach.cl,158.170.66.230
diagnosticos.usach.cl,158.170.64.106
dicyt.usach.cl,158.170.66.230
didactica.usach.cl,fisica.usach.cl.
didactica.usach.cl,158.170.64.150
die.usach.cl,158.170.66.216
digea.usach.cl,158.170.66.28
digeo.usach.cl,158.170.64.150
diinf.usach.cl,158.170.35.191
dimectst.usach.cl,158.170.66.144
dimec.usach.cl,158.170.66.144
dimerc.citiaps.usach.cl,158.170.66.135
dimin.usach.cl,158.170.66.213
dim.usach.cl,158.170.66.101
dinem.usach.cl,158.170.66.230
dipedi.usach.cl,158.170.66.194
diplomadoentecnicasanaliticas.usach.cl,158.170.64.154
diplomadoestadistica.usach.cl,158.170.66.208
diplomadorecursoshidricos.usach.cl,158.170.66.207
diplomadosidea.usach.cl,158.170.64.150
dipmad.usach.cl,158.170.68.33
diqb.usach.cl,158.170.80.226
diq.usach.cl,158.170.80.226
direcciondegenero.usach.cl,158.170.64.150
diseno.usach.cl,158.170.66.115
dmcc.usach.cl,158.170.77.212
doctamer.usach.cl,158.170.64.150
doctmat.dmcc.usach.cl,158.170.77.212
doctmat.usach.cl,fourier.usach.cl.
doctmat.usach.cl,158.170.66.208
doctoradoalimentos.usach.cl,158.170.64.150
doctoradoautomatica.usach.cl,158.170.66.216
doctorado.energiasostenible.usach.cl,158.170.66.216
doctoradoinnovacion.fing.usach.cl,158.170.14.11
doctorado-quimica.usach.cl,158.170.64.150
doi-org.ezproxy.usach.cl,158.170.10.44
dps.usach.cl,158.170.66.14
drii.usach.cl,158.170.64.150
drupal.usach.cl,158.170.64.116
dspace.usach.cl,158.170.68.85
dssee.usach.cl,158.170.64.150
dtg.usach.cl,158.170.66.223
dti.usach.cl,158.170.64.150
dtt.udesantiago.cl,158.170.64.116
dve.usach.cl,158.170.66.73
e2tech.usach.cl,158.170.66.216
easyappointments.usach.cl,158.170.64.234
eavirtual.arquitectura.usach.cl,158.170.66.107
ebookcentral-proquest-com.ezproxy.usach.cl,158.170.10.44
ecamp.usach.cl,158.170.66.14
ecdp.die.usach.cl,158.170.64.24
eciades.usach.cl,158.170.64.150
economiacircular.usach.cl,158.170.66.207
economia.usach.cl,158.170.66.194
ecuacionesymetodos.dmcc.usach.cl,158.170.66.208
ecuadif.dmcc.usach.cl,158.170.66.208
editorial.usach.cl,editorialusach.cl.
editorial.usach.cl,192.140.57.30
educacioncontinua.usach.cl,158.170.66.79
educacion.usach.cl,158.170.64.150
educadoreslideres.usach.cl,158.170.64.150
educofacimed.usach.cl,162.240.146.170
educofahu.usach.cl,158.170.66.145
educo.usach.cl,158.170.64.171
efing-dev.usach.cl,158.170.66.45
efing-qa.usach.cl,158.170.66.31
egresadoscpa.usach.cl,158.170.66.194
egresadosindustria.usach.cl,158.170.64.24
egresadospedagogiaqyb.usach.cl,158.170.64.150
egresados.usach.cl,158.170.66.73
eicsr.usach.cl,158.170.64.150
elapdis.usach.cl,hosting.usach.cl.
elapdis.usach.cl,158.170.64.24
elearning.cai.usach.cl,158.170.66.140
elecciones2022.usach.cl,158.170.64.150
elecciones-comision-genero-y-diversidad.usach.cl,158.170.64.150
eleccionrector.usach.cl,158.170.64.150
elibro-net.ezproxy.usach.cl,158.170.10.44
emergencias.citiaps.usach.cl,158.170.66.128
emergencias.usach.cl,158.170.66.128
empleosfachuma.usach.cl,tbjdns.trabajando.com.
empleosfachuma.usach.cl,35.175.100.24
empleosfactec.usach.cl,tbjdns_cl_npp.trabajando.com.
empleosfactec.usach.cl,35.175.100.24
empresas.empleosfactec.usach.cl,empresas.usach.cl.
empresas.empleosfactec.usach.cl,tbjdns_cl_tbj.trabajando.com.
empresas.empleosfactec.usach.cl,35.175.100.24
empresas.usach.cl,tbjdns_cl_tbj.trabajando.com.
empresas.usach.cl,35.175.100.24
empresasyfundaciones.usach.cl,158.170.66.207
enacot2.usach.cl,158.170.64.116
enciclo.mienciclo.com.ezproxy.usach.cl,158.170.10.44
encuesta2030.usach.cl,158.170.64.64
encuestadocente.usach.cl,158.170.66.176
encuestapostgrado.usach.cl,158.170.66.111
encuestas.udesantiago.cl,158.170.64.24
encuestas.usach.cl,158.170.64.24
encuestasuseso.usach.cl,158.170.66.176
encuesta_universita.usach.cl,encuesta.universita.usach.cl.
encuesta_universita.usach.cl,158.170.64.24
endfisica.usach.cl,158.170.64.116
endor.diinf.usach.cl,158.170.35.195
enfermeria.usach.cl,158.170.64.101
enlinea.usach.cl,158.170.64.116
ensayospdt.usach.cl,158.170.64.150
en.usach.cl,158.170.64.116
enzal2019.usach.cl,158.170.64.150
epubs.siam.org.ezproxy.usach.cl,158.170.10.44
erp.usach.cl,158.170.68.87
es.bestpractice.bmj.com.ezproxy.usach.cl,158.170.10.44
escuelasmassaludables.usach.cl,158.170.66.92
escuelas.usach.cl,158.170.66.92
especialistas.usach.cl,158.170.66.73
espera.usach.cl,104.18.20.49
espera.usach.cl,104.18.21.49
esus.usach.cl,158.170.64.150
eureka.usach.cl,158.170.64.150
evaluaciondocente.usach.cl,158.170.64.106
evaluacion.usach.cl,158.170.64.106
eva.usach.cl,158.170.66.73
evic2018.diinf.usach.cl,158.170.35.8
evic2018.informatica.usach.cl,158.170.35.8
evic2018.usach.cl,158.170.35.8
evic.diinf.usach.cl,158.170.35.8
evic.informatica.usach.cl,158.170.35.8
expedientealumnosingenieria.usach.cl,158.170.64.139
expedienterrhh2.usach.cl,158.170.64.139
expedienterrhh.usach.cl,158.170.64.139
expotecno.usach.cl,158.170.64.24
extension.usach.cl,158.170.66.48
eyesfood.diinf.usach.cl,158.170.35.17
ezproxy.udesantiago.cl,158.170.10.44
ezproxy.usach.cl,158.170.10.44
factec.usach.cl,158.170.64.150
facultadtecnologica.usach.cl,158.170.64.150
fae.usach.cl,158.170.66.194
fahu2.usach.cl,158.170.66.123
fahu.usach.cl,158.170.66.123
fciencia.usach.cl,158.170.64.150
fcm.usach.cl,158.170.64.150
felucia.diinf.usach.cl,158.170.35.196
ferialaboral.usach.cl,ns.reqlut.com.
ferialaboral.usach.cl,13.216.95.52
ffroemel.usach.cl,158.170.66.14
fichafuncionario.usach.cl,158.170.66.233
fid.usach.cl,158.170.64.150
filoadmin.usach.cl,158.170.64.152
filosofia.usach.cl,158.170.64.150
fima.usach.cl,158.170.66.101
finginternacional.usach.cl,158.170.64.150
fing-test.usach.cl,158.170.66.237
fing.usach.cl,www.fing.usach.cl.
fing.usach.cl,158.170.66.237
firmaclaveunica.usach.cl,158.170.68.86
firma-digital.usach.cl,158.170.10.33
firmagob.usach.cl,158.170.66.64
firmausach-dev.usach.cl,158.170.68.81
fisica.postgrado.usach.cl,158.170.64.150
fisica.usach.cl,158.170.64.150
fjta.usach.cl,158.170.64.24
flagtec.usach.cl,158.170.64.24
fmoreno.usach.cl,158.170.66.101
fondocredito.usach.cl,158.170.64.33
fondo.vime.usach.cl,158.170.66.73
fonetica.usach.cl,158.170.64.150
formaciondocente.vra.usach.cl,158.170.64.106
formulario.usach.cl,158.170.64.58
fourier.usach.cl,158.170.66.208
fqyb-doctorado-biotecnologia.usach.cl,158.170.64.150
fqyb-doctorado-neurociencia.usach.cl,158.170.66.48
fqyb-magister-quimica.usach.cl,158.170.66.48
frontend.citiaps.usach.cl,158.170.66.105
fudea.usach.cl,198.49.23.145
fudea.usach.cl,198.185.159.144
fudea.usach.cl,198.185.159.145
fudea.usach.cl,198.49.23.144
fude.online.usach.cl,158.170.64.205
fude.usach.cl,158.170.66.14
funcionarios.usach.cl,158.170.66.156
gafevol.usach.cl,158.170.66.208
gdcm.usach.cl,158.170.11.24
gdrc.fing.usach.cl,158.170.11.35
geodesychile.usach.cl,158.170.66.148
geogebra.usach.cl,fourier.usach.cl.
geogebra.usach.cl,158.170.66.208
geoingenieria.usach.cl,158.170.64.150
gepeci.usach.cl,158.170.66.208
gestion2030.usach.cl,158.170.64.65
gestion-postgrado.usach.cl,158.170.66.64
gestionresiduos.usach.cl,158.170.64.150
git.segic.cl,158.170.64.35
gloriacardenasjiron.usach.cl,158.170.64.150
grin.fing.usach.cl,158.170.10.184
guiaweb.usach.cl,158.170.64.150
hbcponline.com.ezproxy.usach.cl,158.170.10.44
hectorchavez.usach.cl,158.170.64.116
helpdesk.segic.cl,158.170.10.51
historia.udesantiago.cl,158.170.64.116
historia.usach.cl,158.170.66.237
horarios.usach.cl,158.170.66.234
hosting.usach.cl,158.170.64.24
hoth.diinf.usach.cl,158.170.35.66
huelen.diinf.usach.cl,158.170.35.17
icpr2012.usach.cl,158.170.64.116
ideasdecalidad.usach.cl,158.170.64.86
idea.usach.cl,158.170.66.48
idi.fing.usach.cl,158.170.66.188
idiomas.usach.cl,158.170.64.116
ieeexplore-ieee-org.ezproxy.usach.cl,158.170.10.44
ieeexplore.ieee.org.ezproxy.usach.cl,158.170.10.44
iestadistica.usach.cl,158.170.77.212
image-register.dti.usach.cl,158.170.66.39
incuba.arica.usach.cl,158.170.66.197
incubadoraea.usach.cl,158.170.64.150
informatica.usach.cl,158.170.35.191
informaticos.usach.cl,158.170.66.14
ingelec.usach.cl,158.170.64.51
ingemat.usach.cl,158.170.77.212
ingenieriabiomedica.usach.cl,158.170.64.150
ingenieriadeprocesos.usach.cl,158.170.66.237
ingenieriaindustrial-usach.cl,201.148.105.43
ingenieriaindustrial.usach.cl,ingenieriaindustrial-usach.cl.
ingenieriaindustrial.usach.cl,201.148.105.43
inicio.diinf.usach.cl,158.170.35.166
inned.usach.cl,158.170.66.237
innovadiinf.usach.cl,158.170.66.128
innovo.usach.cl,158.170.66.230
inscripcioncandidaturas.usach.cl,158.170.66.176
integracion-ingenieria.usach.cl,158.170.64.24
interaction-dashboard.diinf.usach.cl,158.170.35.196
interaction.diinf.usach.cl,158.170.35.193
interaction.informatica.usach.cl,158.170.35.193
interaction-lab.diinf.usach.cl,158.170.35.196
interaction-lab.informatica.usach.cl,158.170.35.193
internacional.usach.cl,158.170.66.151
intrafae.usach.cl,158.170.10.181
intranet.usach.cl,158.170.64.24
intranet.vriic.usach.cl,158.170.66.231
inventario.diinf.usach.cl,158.170.35.40
iopscience.iop.org.ezproxy.usach.cl,158.170.10.44
isidoraaguirre.usach.cl,158.170.66.24
iso.segic.cl,158.170.64.24
jayma.usach.cl,158.170.66.105
jcr-clarivate-com.ezproxy.usach.cl,158.170.10.44
jint.usach.cl,158.170.64.110
journals-aps-org.ezproxy.usach.cl,158.170.10.44
journals.aps.org.ezproxy.usach.cl,158.170.10.44
jstor.org.ezproxy.usach.cl,158.170.10.44
juego.usach.cl,158.170.64.58
kee.segic.cl,158.170.64.139
koyaku.usach.cl,158.170.66.210
kpifae.usach.cl,158.170.20.206
lab-acustica.usach.cl,158.170.64.150
labcontrol.usach.cl,158.170.64.150
labgetic.usach.cl,158.170.64.139
labiotam.usach.cl,158.170.64.150
laboral.usach.cl,usach.reqlut.com.
laboral.usach.cl,ns.reqlut.com.
laboral.usach.cl,13.216.95.52
laboratorios.qyb.usach.cl,158.170.64.150
labteldie.usach.cl,158.170.107.39
laetitia.usach.cl,ns.reqlut.com.
laetitia.usach.cl,13.216.95.52
lcc.usach.cl,158.170.77.212
ldap.usach.cl,158.170.64.42
lec.usach.cl,158.170.64.116
lefmvespertino.usach.cl,fisica.usach.cl.
lefmvespertino.usach.cl,158.170.64.150
legacy.registro.usach.cl,158.170.10.236
lemc.usach.cl,158.170.77.212
leomedina.diinf.usach.cl,158.170.35.8
leomedina.informatica.usach.cl,158.170.35.8
leo.usach.cl,158.170.64.113
libif.usach.cl,158.170.64.150
lib.myilibrary.com.ezproxy.usach.cl,158.170.10.44
librenms.usach.cl,158.170.68.70
liceos.usach.cl,158.170.64.106
lictex.usach.cl,158.170.64.150
linguisticayliteratura.usach.cl,158.170.64.150
link.springer.com.ezproxy.udesantiago.cl,158.170.10.44
link-springer-com.ezproxy.usach.cl,158.170.10.44
lista-espera.usach.cl,158.170.64.234
listaespera.usach.cl,158.170.64.237
llavecampus.usach.cl,158.170.64.202
loa.usach.cl,158.170.10.76
loa.usach.cl,158.170.10.70
loa.usach.cl,158.170.10.75
login.cui.segic.cl,158.170.10.67
login.dei.usach.cl,158.170.10.193
login.ezproxy.usach.cl,158.170.10.44
logt.usach.cl,158.170.64.116
lsg.diinf.usach.cl,158.170.35.193
maas02.diinf.usach.cl,158.170.35.164
macul.citiaps.usach.cl,158.170.66.111
mafi.usach.cl,158.170.66.194
magestec.usach.cl,158.170.64.116
magiet.usach.cl,158.170.66.237
magingquimica.usach.cl,158.170.64.150
magistercomunicacion.usach.cl,158.170.64.150
magister.dmcc.usach.cl,158.170.77.212
magistereconomia.usach.cl,158.170.66.194
magisterelectrica.usach.cl,158.170.66.216
magisterestructuras.usach.cl,158.170.66.210
mail.diseno.usach.cl,158.170.66.115
mail.ingenieriaindustrial-usach.cl,ingenieriaindustrial-usach.cl.
mail.ingenieriaindustrial-usach.cl,201.148.105.43
mailmasivo.segic.cl,158.170.66.37
mail.smartcitylab-usach.cl,smartcitylab-usach.cl.
mail.smartcitylab-usach.cl,192.140.56.40
mail.usach.cl,158.170.64.201
mastermida.usach.cl,158.170.64.150
matricula-ibero.usach.cl,158.170.64.58
matricula-online-test.usach.cl,104.18.21.49
matricula-online-test.usach.cl,104.18.20.49
matricula-online.usach.cl,158.170.64.234
mat.usach.cl,158.170.77.212
mauchin.usach.cl,158.170.64.33
mcd.usach.cl,138.186.9.52
mcii.usach.cl,158.170.64.150
medicina.usach.cl,158.170.66.237
meetingengine.diinf.usach.cl,158.170.35.27
mem.dmcc.usach.cl,158.170.77.212
mesadeayuda.diinf.usach.cl,158.170.35.190
mesadeayuda.informatica.usach.cl,158.170.35.190
metalurgia.usach.cl,158.170.66.48
metodosnumericos.dmcc.usach.cl,158.170.66.208
mhe.usach.cl,158.170.66.194
micredencial.usach.cl,158.170.66.176
minimonitor.segic.cl,158.170.69.11
minio.segic.cl,158.170.10.34
mma.ingenieria.usach.cl,158.170.64.150
mo.diinf.usach.cl,158.170.35.8
mo.informatica.usach.cl,158.170.35.8
motions.diinf.usach.cl,158.170.35.8
motions.informatica.usach.cl,158.170.35.8
movilidadinterna.usach.cl,158.170.66.65
mri.usach.cl,158.170.64.116
msanchez.usach.cl,158.170.64.154
msp.usach.cl,158.170.64.150
mundosenior.citiaps.usach.cl,158.170.66.128
mundosenior.usach.cl,158.170.66.128
municipalidades.citiaps.usach.cl,158.170.66.111
mustafar.diinf.usach.cl,158.170.35.150
nanoseguridad.usach.cl,158.170.66.200
nanoserver.usach.cl,158.170.66.25
ncbiinsights-ncbi-nlm-nih-gov.ezproxy.usach.cl,158.170.10.44
netlizama.usach.cl,158.170.66.208
neuroeng.diinf.usach.cl,158.170.35.8
neuroeng.informatica.usach.cl,158.170.35.8
neurone.diinf.usach.cl,neurone.info.
neurone.diinf.usach.cl,165.227.49.255
neurone.informatica.usach.cl,neurone.info.
neurone.informatica.usach.cl,165.227.49.255
niif-ifrs.usach.cl,158.170.66.194
nomasviolencia.usach.cl,158.170.66.26
ntp.usach.cl,158.170.4.2
nuevaweb.usach.cl,158.170.64.150
oauth.prd.usach.cl,158.170.10.193
oauth.usach.cl,158.170.10.74
obrasciviles.usach.cl,158.170.66.210
observatorios.citiaps.usach.cl,158.170.66.128
observatorios.usach.cl,158.170.66.128
onlinelibrary.wiley.com.ezproxy.udesantiago.cl,158.170.10.44
operaciones.diinf.usach.cl,158.170.35.166
operaciones.informatica.usach.cl,158.170.35.166
oppt.usach.cl,158.170.64.150
ora.sai.usach.cl,158.170.68.22
org.ezproxy.usach.cl,158.170.10.44
orson.citiaps.usach.cl,158.170.66.105
pace.usach.cl,158.170.77.129
pacevirtual.usach.cl,158.170.77.129
pagaredearancel.usach.cl,158.170.64.86
pagare.usach.cl,158.170.64.58
pagoenlinea-test.usach.cl,158.170.68.60
pagoenlinea.usach.cl,158.170.64.58
pagos.usach.cl,158.170.64.64
pagosyserviciosenlinea.usach.cl,158.170.64.26
paiep.udesantiago.cl,158.170.64.116
paiep.usach.cl,158.170.64.150
palillo.usach.cl,158.170.77.225
panelqyb.usach.cl,158.170.66.71
pares.usach.cl,158.170.77.129
patrimonio.usach.cl,158.170.66.212
pcs.webofknowledge.com.ezproxy.udesantiago.cl,158.170.10.44
pedagogia-fisica.usach.cl,158.170.64.150
pefft.usach.cl,158.170.64.150
pei2030.usach.cl,158.170.64.67
pei.usach.cl,158.170.66.62
periodismo.udesantiago.cl,158.170.64.116
periodismo.usach.cl,158.170.64.150
periododetransicion.usach.cl,158.170.64.106
periodointensivo.usach.cl,158.170.64.86
pg2.sai.usach.cl,158.170.66.241
pg-back2.sai.usach.cl,158.170.66.241
pg-back.sai.usach.cl,158.170.66.241
pg.sai.usach.cl,158.170.66.241
planetaria.usach.cl,200.73.208.19
planificacionestrategica.usach.cl,158.170.66.237
plantmed.usach.cl,158.170.64.116
plataforma-aenormas-aenor-com.ezproxy.usach.cl,158.170.10.44
plataforma-firma-digital.segic.cl,158.170.66.138
plemc.usach.cl,158.170.77.212
pmc-ncbi-nlm-nih-gov.ezproxy.usach.cl,158.170.10.44
pmi1502.usach.cl,158.170.64.113
portainer-68.88.usach.cl,158.170.68.87
portalcapacitaciones.usach.cl,158.170.66.111
portalfacturas.usach.cl,158.170.66.225
portalfisicaeducativa.usach.cl,158.170.66.101
portal.innovo.usach.cl,ghs.google.com.
portal.innovo.usach.cl,64.233.190.121
portal.segic.usach.cl,ghs.google.com.
portal.segic.usach.cl,64.233.190.121
portal-servicios.usach.cl,158.170.64.58
portal.udesantiago.cl,158.170.64.116
portal.usach.cl,158.170.64.154
possibilism.usach.cl,158.170.64.116
postergacionmatricula.usach.cl,158.170.64.35
postgrados.usach.cl,158.170.64.110
postgrado.usach.cl,postgrados.usach.cl.
postgrado.usach.cl,158.170.64.110
postitulobasica.usach.cl,158.170.64.150
postulaciones.usach.cl,158.170.64.234
postulacionesvrae.usach.cl,158.170.66.22
postulacion-fi.usach.cl,158.170.66.237
postulacion-postgrado.usach.cl,158.170.66.64
prodlamp.diinf.usach.cl,158.170.35.166
progoa.usach.cl,158.170.64.116
prontus.admision.usach.cl,158.170.66.45
prontus.digea.usach.cl,158.170.66.28
prontus.geodesychile.usach.cl,158.170.66.148
propuesta-cteo-tst.usach.cl,158.170.64.59
propuesta-cteo.usach.cl,158.170.64.58
prorrectoria.usach.cl,158.170.64.154
prosecucionqyb.usach.cl,158.170.66.71
proveedores.usach.cl,158.170.64.23
proyectatufuturo.usach.cl,158.170.64.150
proyectoaguasgrises.usach.cl,158.170.64.150
proyectos-adm.segic.cl,158.170.64.58
proyectos.citiaps.usach.cl,158.170.66.128
pruebas.biocov.usach.cl,158.170.66.68
psicologia.usach.cl,158.170.66.48
publicidad.usach.cl,190.107.177.242
pubmed-ncbi-nlm-nih-gov.ezproxy.usach.cl,158.170.10.44
puntajes.usach.cl,104.18.20.49
puntajes.usach.cl,104.18.21.49
qaplaneacionra.usach.cl,158.170.10.247
qara2.sai.usach.cl,158.170.68.30
qara.sai.usach.cl,158.170.68.30
quimicaybiologia.usach.cl,158.170.64.150
qybdigital.usach.cl,158.170.66.71
radio.usach.cl,radiousach.cl.
radio.usach.cl,200.91.46.252
rahue.usach.cl,158.170.64.242
raora2.sai.usach.cl,158.170.68.29
raora.sai.usach.cl,158.170.68.29
rcivildata.segic.cl,158.170.66.78
recintosculturales.sea.usach.cl,158.170.68.90
recintosdeportivos.sea.usach.cl,158.170.68.90
rectoria.usach.cl,158.170.64.150
recursosegb.usach.cl,158.170.66.97
redaprendizajeactivo.usach.cl,158.170.64.150
redcap.usach.cl,158.170.68.105
reddeaprendizajeactivo.usach.cl,158.170.64.150
redmujerescyt.usach.cl,158.170.64.150
reformaute.usach.cl,158.170.66.24
registro.usach.cl,158.170.64.236
registro.vridei.usach.cl,158.170.64.24
repositorio.usach.cl,usach.primo.exlibrisgroup.com.
repositorio.usach.cl,na06.primo.exlibrisgroup.com.
repositorio.usach.cl,216.147.212.98
repostulacion.usach.cl,158.170.64.234
requerimientos.usach.cl,158.170.10.51
reservaderecintos.usach.cl,158.170.64.24
reservasvime.usach.cl,158.170.10.73
reuna.usach.cl,158.170.64.121
revistagpt.usach.cl,158.170.64.150
revistaidea.usach.cl,hosting.usach.cl.
revistaidea.usach.cl,158.170.64.24
revistapalavra.usach.cl,158.170.64.150
revistarivar.usach.cl,158.170.66.237
revistas.usach.cl,158.170.66.96
rgonzalez.diinf.usach.cl,158.170.35.8
rgonzalez.informatica.usach.cl,158.170.35.8
rhistoria.usach.cl,158.170.64.150
rrhh.usach.cl,158.170.64.116
r.r.usach.cl,r.mailin.fr.
r.r.usach.cl,r1.mailin.fr.
r.r.usach.cl,1.179.112.196
rucahueche.usach.cl,158.170.64.116
r.usach.cl,212.146.213.157
russan.diinf.usach.cl,158.170.35.2
ryloth.diinf.usach.cl,158.170.35.190
sai.fing-gestion.usach.cl,158.170.66.170
sai.fing.usach.cl,158.170.66.170
salas.usach.cl,158.170.64.106
salvoconducto.usach.cl,158.170.66.67
sanjoaquin.citiaps.usach.cl,158.170.66.111
sasdev2.fing.usach.cl,158.170.11.13
sas.fing.usach.cl,158.170.11.35
scarif.diinf.usach.cl,158.170.35.185
scholar-google-com.ezproxy.usach.cl,158.170.10.44
sdt.online.usach.cl,158.170.64.205
sdtonline.usach.cl,158.170.64.24
sea.usach.cl,158.170.68.90
secretaria.usach.cl,158.170.64.150
segic.cl,158.170.64.110
segic.usach.cl,158.170.64.110
seguimiento.dgde.usach.cl,158.170.66.64
servicesdev.usach.cl,158.170.68.148
services-test.usach.cl,104.18.20.49
services-test.usach.cl,104.18.21.49
services.usach.cl,104.18.21.49
services.usach.cl,104.18.20.49
servicios-firma.usach.cl,158.170.68.86
servicios-ibero-test.usach.cl,158.170.64.59
servicios-ibero.usach.cl,158.170.64.58
servicioswebdev.segic.cl,158.170.64.38
serviciosweb.usach.cl,158.170.64.35
sfp.usach.cl,158.170.66.46
sgd.fahu.usach.cl,158.170.66.19
sgd.usach.cl,158.170.68.85
sgidev.fing.usach.cl,158.170.66.98
sgp.uci.usach.cl,158.170.66.74
sib.usach.cl,158.170.68.74
sic.vriic.usach.cl,158.170.66.169
siga.fing.usach.cl,158.170.11.10
sigsalas.registro.usach.cl,158.170.66.157
simposiofisica.usach.cl,fisica.usach.cl.
simposiofisica.usach.cl,158.170.64.150
simulador-admision.usach.cl,158.170.64.58
simulador-adm.usach.cl,158.170.64.58
sinapsis.usach.cl,158.170.66.237
sirmai.vime.usach.cl,158.170.66.119
sis-bienestar.usach.cl,158.170.64.58
sishelen.usach.cl,158.170.64.33
sismatalunuevo.usach.cl,158.170.64.24
sistema.campus.usach.cl,158.170.64.202
sistema-facimed.usach.cl,158.170.64.202
sistema.oirs.usach.cl,158.170.64.202
sistemaoirs.usach.cl,158.170.64.202
sistemareservassalones.vime.usach.cl,158.170.10.73
site.ebrary.com.ezproxy.usach.cl,158.170.10.44
sitios.diinf.usach.cl,158.170.35.166
sitios.informatica.usach.cl,158.170.35.166
sitiosweb.usach.cl,158.170.66.128
smartcitylab-usach.cl,192.140.56.40
smartcitylab.usach.cl,www.smartcitylab-usach.cl.
smartcitylab.usach.cl,smartcitylab-usach.cl.
smartcitylab.usach.cl,192.140.56.40
solicitudes.ciencia.usach.cl,158.170.66.209
solicitudinformacion.usach.cl,158.170.64.59
solutions.geodesychile.usach.cl,158.170.66.148
somosvinculacion.vime.usach.cl,158.170.66.73
soporte.usach.cl,158.170.68.56
sostenibilidad.usach.cl,158.170.64.154
sso.ingenieria-industrial.usach.cl,20.62.9.25
sso.innovo.usach.cl,158.170.64.201
sso.portal.usach.cl,158.170.64.201
sso.segic.cl,158.170.64.201
ssotest.segic.cl,158.170.10.71
sso.usach.cl,158.170.64.201
starejs.diinf.usach.cl,158.170.35.8
starejs.informatica.usach.cl,158.170.35.8
std.usach.cl,158.170.66.51
superclave.usach.cl,158.170.64.86
sustentabilidades.usach.cl,158.170.64.116
tacora.usach.cl,158.170.10.23
taiga.citiaps.usach.cl,frontend.citiaps.usach.cl.
taiga.citiaps.usach.cl,158.170.66.105
talentosartisticos.usach.cl,158.170.64.116
tallergrafico.usach.cl,158.170.64.24
tap.usach.cl,158.170.66.101
tci.usach.cl,158.170.66.101
tdi.usach.cl,158.170.66.115
teamp.diinf.usach.cl,158.170.35.17
tecnologias.usach.cl,158.170.66.223
teknos.usach.cl,158.170.66.24
teletrabajo.usach.cl,158.170.68.56
test-admision.usach.cl,158.170.64.113
test.helpdesk.usach.cl,158.170.64.202
testsai.usach.cl,158.170.10.185
testsgp.uci.usach.cl,158.170.66.75
themis.space.usach.cl,158.170.66.19
ticket-casino.usach.cl,158.170.68.32
ticpaiep.usach.cl,158.170.77.129
tienda.segic.cl,158.170.64.116
tips2021.usach.cl,158.170.66.153
toma-hora.usach.cl,158.170.64.58
traefik1071.usach.cl,158.170.10.71
traefik.usach.cl,158.170.64.139
trainer.diinf.usach.cl,158.170.35.167
transparenciaactiva.usach.cl,transparencia.usach.cl.
transparenciaactiva.usach.cl,158.170.64.110
transparencia.segic.cl,www.segic.cl.
transparencia.segic.cl,segic.cl.
transparencia.segic.cl,158.170.64.110
transparencia.udesantiago.cl,158.170.64.116
transparencia.usach.cl,158.170.64.110
truenas.segic.cl,158.170.10.53
tuaqf.usach.cl,158.170.66.101
tuci.usach.cl,158.170.66.101
udatos.dei.usach.cl,158.170.66.234
udesantiagoaldia.usach.cl,158.170.64.116
udesantiago.cl,158.170.64.150
ugb.usach.cl,158.170.64.150
uie.usach.cl,158.170.66.230
universitas.usach.cl,158.170.10.70
ups01.diinf.usach.cl,158.170.35.8
ups02.diinf.usach.cl,158.170.35.8
ups03.diinf.usach.cl,158.170.35.8
usach.cl,104.18.20.49
usach.cl,104.18.21.49
usachparticipa.usach.cl,158.170.64.150
usachteapoya.usach.cl,158.170.64.66
usuariocorreo.usach.cl,hosting.usach.cl.
usuariocorreo.usach.cl,158.170.64.24
utilities.geodesychile.usach.cl,158.170.66.148
uvirtual.usach.cl,158.170.64.102
ux1d.usach.cl,158.170.64.58
vchang.diinf.usach.cl,158.170.35.8
vchang.informatica.usach.cl,158.170.35.8
vicaviged.usach.cl,158.170.64.154
vime.arquitectura.usach.cl,158.170.66.101
vimefing.usach.cl,158.170.66.168
vime.usach.cl,158.170.64.150
vincula.usach.cl,158.170.66.73
virtualizacionqyb.usach.cl,158.170.64.150
visible.usach.cl,158.170.14.64
visitas.usach.cl,158.170.64.234
voluntarios.pybosa.citiaps.usach.cl,158.170.66.120
vpn.usach.cl,158.170.15.2
vraenew.usach.cl,158.170.66.30
vrae.usach.cl,158.170.66.30
vra.usach.cl,158.170.64.150
vridei.usach.cl,158.170.66.230
vrid.usach.cl,vridei.usach.cl.
vrid.usach.cl,158.170.66.230
vriic.usach.cl,158.170.66.230
webdisk.ingenieriaindustrial-usach.cl,201.148.105.43
webdisk.smartcitylab-usach.cl,192.140.56.40
webmail.diseno.usach.cl,158.170.66.115
webmail.ingenieriaindustrial-usach.cl,201.148.105.43
webmail.smartcitylab-usach.cl,192.140.56.40
webofknowledge.com.ezproxy.usach.cl,158.170.10.44
webpay-sdt-dev.usach.cl,158.170.68.60
webpay-sdt.usach.cl,158.170.64.26
webpaysdt.usach.cl,webpay-sdt.usach.cl.
webpaysdt.usach.cl,158.170.64.26
webpay-server-test.usach.cl,158.170.68.60
webpay-server.usach.cl,158.170.64.26
windowsnas.usach.cl,158.170.66.24
wobani.diinf.usach.cl,158.170.35.18
www.acreditacion2020.usach.cl,acreditacion2020.usach.cl.
www.acreditacion2020.usach.cl,158.170.66.66
www.acreditacionpregrado.usach.cl,acreditacionpregrado.usach.cl.
www.acreditacionpregrado.usach.cl,158.170.64.78
www.acreditacion.usach.cl,acreditacion.usach.cl.
www.acreditacion.usach.cl,158.170.64.150
www.adin.usach.cl,adin.usach.cl.
www.adin.usach.cl,158.170.64.150
www.admisionagenda-test.usach.cl,admisionagenda-test.usach.cl.
www.admisionagenda-test.usach.cl,158.170.64.207
www.admisiondimec.usach.cl,admisiondimec.usach.cl.
www.admisiondimec.usach.cl,190.107.177.247
www.admision.usach.cl,admision.usach.cl.
www.admision.usach.cl,158.170.64.154
www.adoc.dmcc.usach.cl,adoc.dmcc.usach.cl.
www.adoc.dmcc.usach.cl,158.170.64.128
www.adquisiciones.udesantiago.cl,adquisiciones.udesantiago.cl.
www.adquisiciones.udesantiago.cl,158.170.64.116
www.adquisiciones.usach.cl,adquisiciones.usach.cl.
www.adquisiciones.usach.cl,158.170.64.113
www.agroecologia.usach.cl,agroecologia.usach.cl.
www.agroecologia.usach.cl,158.170.64.116
www.analisisdac.usach.cl,analisisdac.usach.cl.
www.analisisdac.usach.cl,158.170.66.44
www.analisisdeprocesos.usach.cl,analisisdeprocesos.usach.cl.
www.analisisdeprocesos.usach.cl,158.170.66.115
www.api.dti.usach.cl,api.dti.usach.cl.
www.api.dti.usach.cl,158.170.66.64
www.api-externa.usach.cl,api-externa.usach.cl.
www.api-externa.usach.cl,158.170.64.58
www.aprendepaiep.usach.cl,aprendepaiep.usach.cl.
www.aprendepaiep.usach.cl,158.170.66.224
www.architectureopenlibrary.com.ezproxy.usach.cl,158.170.10.44
www.archivodga.usach.cl,archivodga.usach.cl.
www.archivodga.usach.cl,158.170.66.26
www.archivopatrimonial.usach.cl,archivopatrimonial.usach.cl.
www.archivopatrimonial.usach.cl,158.170.66.24
www.arquitecturacontemporaneaentierra.usach.cl,arquitecturacontemporaneaentierra.usach.cl.
www.arquitecturacontemporaneaentierra.usach.cl,158.170.66.207
www.arquitectura.usach.cl,arquitectura.usach.cl.
www.arquitectura.usach.cl,158.170.66.48
www.asoacad.usach.cl,asoacad.usach.cl.
www.asoacad.usach.cl,158.170.64.150
www.aulavirtual.usach.cl,aulavirtual.usach.cl.
www.aulavirtual.usach.cl,158.170.64.46
www.autoevaluacion2019.usach.cl,autoevaluacion2019.usach.cl.
www.autoevaluacion2019.usach.cl,158.170.64.150
www.biblioteca.usach.cl,biblioteca.usach.cl.
www.biblioteca.usach.cl,158.170.64.150
www.biomat.usach.cl,biomat.usach.cl.
www.biomat.usach.cl,158.170.80.27
www.blacpma.usach.cl,blacpma.usach.cl.
www.blacpma.usach.cl,158.170.64.110
www.boletindepostgrado.usach.cl,boletindepostgrado.usach.cl.
www.boletindepostgrado.usach.cl,158.170.64.150
www.boletin.segic.cl,boletin.segic.cl.
www.boletin.segic.cl,158.170.64.110
www.brotescientificos.usach.cl,brotescientificos.usach.cl.
www.brotescientificos.usach.cl,158.170.66.230
www.c3.usach.cl,c3.usach.cl.
www.c3.usach.cl,158.170.66.194
www.cachorro2017.usach.cl,cachorro2017.usach.cl.
www.cachorro2017.usach.cl,158.170.64.86
www.cachorrosfae.usach.cl,cachorrosfae.usach.cl.
www.cachorrosfae.usach.cl,158.170.66.194
www.cai.usach.cl,caiusach.cl.
www.cai.usach.cl,67.208.40.192
www.calidaddelaire.usach.cl,calidaddelaire.usach.cl.
www.calidaddelaire.usach.cl,158.170.64.150
www.calidad.usach.cl,calidad.usach.cl.
www.calidad.usach.cl,158.170.64.66
www.cambalache.usach.cl,cambalache.usach.cl.
www.cambalache.usach.cl,158.170.64.150
www.cambioporvocacion.usach.cl,cambioporvocacion.usach.cl.
www.cambioporvocacion.usach.cl,158.170.77.129
www.campusseguro.usach.cl,campusseguro.usach.cl.
www.campusseguro.usach.cl,158.170.66.67
www.campus.usach.cl,campus.usach.cl.
www.campus.usach.cl,158.170.64.150
www.canvas.usach.cl,canvas.usach.cl.
www.canvas.usach.cl,158.170.64.150
www.capacitacion.segic.cl,capacitacion.segic.cl.
www.capacitacion.segic.cl,158.170.66.153
www.capacitacion.usach.cl,capacitacion.usach.cl.
www.capacitacion.usach.cl,158.170.66.207
www.capamoodle.segic.cl,capamoodle.segic.cl.
www.capamoodle.segic.cl,158.170.64.221
www.carreras.usach.cl,carreras.usach.cl.
www.carreras.usach.cl,158.170.64.150
www.cba.usach.cl,cba.usach.cl.
www.cba.usach.cl,158.170.64.150
www.cdfae-test.usach.cl,cdfae-test.usach.cl.
www.cdfae-test.usach.cl,158.170.68.28
www.cecomp.usach.cl,cecomp.usach.cl.
www.cecomp.usach.cl,158.170.64.150
www.cecta.usach.cl,cecta.usach.cl.
www.cecta.usach.cl,158.170.35.195
www.cef.usach.cl,cef.usach.cl.
www.cef.usach.cl,158.170.66.101
www.cei.usach.cl,cei.usach.cl.
www.cei.usach.cl,158.170.66.230
www.cem.usach.cl,cem.usach.cl.
www.cem.usach.cl,158.170.64.150
www.cepec.usach.cl,cepec.usach.cl.
www.cepec.usach.cl,158.170.64.150
www.ceusllanquihue.usach.cl,ceusllanquihue.usach.cl.
www.ceusllanquihue.usach.cl,158.170.64.150
www.cfk.usach.cl,cfk.usach.cl.
www.cfk.usach.cl,158.170.66.32
www.cgem.usach.cl,cgem.usach.cl.
www.cgem.usach.cl,158.170.64.110
www.charlas2021.usach.cl,charlas2021.usach.cl.
www.charlas2021.usach.cl,158.170.66.153
www.cibap.usach.cl,cibap.usach.cl.
www.cibap.usach.cl,158.170.64.150
www.cices.usach.cl,cices.usach.cl.
www.cices.usach.cl,158.170.66.94
www.cides.usach.cl,cides.usach.cl.
www.cides.usach.cl,52.7.225.133
www.cide.usach.cl,cide.usach.cl.
www.cide.usach.cl,158.170.64.150
www.ciescoop.usach.cl,ciescoop.usach.cl.
www.ciescoop.usach.cl,158.170.66.194
www.ciet.usach.cl,ciet.usach.cl.
www.ciet.usach.cl,138.186.9.52
www.ciheap.usach.cl,ciheap.usach.cl.
www.ciheap.usach.cl,158.170.66.194
www.ciis.usach.cl,ciis.usach.cl.
www.ciis.usach.cl,158.170.64.150
www.cipp.usach.cl,cipp.usach.cl.
www.cipp.usach.cl,158.170.66.207
www.citiaps.usach.cl,citiaps.usach.cl.
www.citiaps.usach.cl,158.170.66.128
www.ciudadycalidad.usach.cl,ciudadycalidad.usach.cl.
www.ciudadycalidad.usach.cl,158.170.64.116
www.cladhe6.usach.cl,cladhe6.usach.cl.
www.cladhe6.usach.cl,158.170.66.194
www.cli.usach.cl,cli.usach.cl.
www.cli.usach.cl,158.170.64.204
www.cochranelibrary.com.ezproxy.usach.cl,158.170.10.44
www.congreso2021.usach.cl,congreso2021.usach.cl.
www.congreso2021.usach.cl,158.170.64.150
www.contaminacionstgo.fisica.usach.cl,fisica.usach.cl.
www.contaminacionstgo.fisica.usach.cl,158.170.64.150
www.contraloria.usach.cl,contraloria.usach.cl.
www.contraloria.usach.cl,158.170.64.150
www.contraloriausach.cl,104.21.34.194
www.contraloriausach.cl,172.67.164.52
www.controlaccountability.usach.cl,controlaccountability.usach.cl.
www.controlaccountability.usach.cl,158.170.64.150
www.coorcal3mbi.usach.cl,coorcal3mbi.usach.cl.
www.coorcal3mbi.usach.cl,158.170.77.211
www.cphs.usach.cl,hosting.usach.cl.
www.cphs.usach.cl,158.170.64.24
www.credencial.usach.cl,credencial.usach.cl.
www.credencial.usach.cl,158.170.64.154
www.csalud.usach.cl,csalud.usach.cl.
www.csalud.usach.cl,158.170.64.116
www.cteo.usach.cl,cteo.usach.cl.
www.cteo.usach.cl,158.170.64.150
www.cui.segic.cl,cui.segic.cl.
www.cui.segic.cl,158.170.10.67
www.cye.usach.cl,cye.usach.cl.
www.cye.usach.cl,158.170.64.150
www.dac.usach.cl,dac.usach.cl.
www.dac.usach.cl,158.170.64.150
www.dca.usach.cl,dca.usach.cl.
www.dca.usach.cl,158.170.64.150
www.dciind.usach.cl,dciind.usach.cl.
www.dciind.usach.cl,158.170.64.150
www.dcii.usach.cl,dcii.usach.cl.
www.dcii.usach.cl,158.170.64.150
www.dcs.usach.cl,hosting.usach.cl.
www.dcs.usach.cl,158.170.64.24
www.dcya.usach.cl,dcya.usach.cl.
www.dcya.usach.cl,158.170.64.150
www.ddp.usach.cl,ddp.usach.cl.
www.ddp.usach.cl,158.170.64.150
www.decytal.usach.cl,decytal.usach.cl.
www.decytal.usach.cl,158.170.64.150
www.deportes.usach.cl,hosting.usach.cl.
www.deportes.usach.cl,158.170.64.24
www.dep.usach.cl,dep.usach.cl.
www.dep.usach.cl,158.170.64.150
www.derecho.usach.cl,derecho.usach.cl.
www.derecho.usach.cl,158.170.66.78
www.despega.usach.cl,despega.usach.cl.
www.despega.usach.cl,158.170.66.230
www.dga.usach.cl,dga.usach.cl.
www.dga.usach.cl,158.170.64.150
www.dgpp.usach.cl,dgpp.usach.cl.
www.dgpp.usach.cl,138.186.9.52
www.dgt.usach.cl,dgt.usach.cl.
www.dgt.usach.cl,158.170.66.230
www.diagnosticos.usach.cl,diagnosticos.usach.cl.
www.diagnosticos.usach.cl,158.170.64.106
www.dicyt.usach.cl,dicyt.usach.cl.
www.dicyt.usach.cl,158.170.66.230
www.die.usach.cl,die.usach.cl.
www.die.usach.cl,158.170.66.216
www.digea.usach.cl,digea.usach.cl.
www.digea.usach.cl,158.170.66.28
www.digeo.usach.cl,digeo.usach.cl.
www.digeo.usach.cl,158.170.64.150
www.digitaliapublishing.com.ezproxy.usach.cl,158.170.10.44
www.diinf.usach.cl,158.170.35.191
www.dimectst.usach.cl,dimectst.usach.cl.
www.dimectst.usach.cl,158.170.66.144
www.dimec.usach.cl,dimec.usach.cl.
www.dimec.usach.cl,158.170.66.144
www.dim.usach.cl,dim.usach.cl.
www.dim.usach.cl,158.170.66.101
www.dinem.usach.cl,dinem.usach.cl.
www.dinem.usach.cl,158.170.66.230
www.dipedi.usach.cl,dipedi.usach.cl.
www.dipedi.usach.cl,158.170.66.194
www.diplomadoentecnicasanaliticas.usach.cl,diplomadoentecnicasanaliticas.usach.cl.
www.diplomadoentecnicasanaliticas.usach.cl,158.170.64.154
www.diplomadoestadistica.usach.cl,diplomadoestadistica.usach.cl.
www.diplomadoestadistica.usach.cl,158.170.66.208
www.diplomadorecursoshidricos.usach.cl,diplomadorecursoshidricos.usach.cl.
www.diplomadorecursoshidricos.usach.cl,158.170.66.207
www.diplomadosidea.usach.cl,diplomadosidea.usach.cl.
www.diplomadosidea.usach.cl,158.170.64.150
www.dipmad.usach.cl,dipmad.usach.cl.
www.dipmad.usach.cl,158.170.68.33
www.diq.usach.cl,diq.usach.cl.
www.diq.usach.cl,158.170.80.226
www.direcciondegenero.usach.cl,direcciondegenero.usach.cl.
www.direcciondegenero.usach.cl,158.170.64.150
www.diseno.usach.cl,diseno.usach.cl.
www.diseno.usach.cl,158.170.66.115
www.dmcc.usach.cl,dmcc.usach.cl.
www.dmcc.usach.cl,158.170.77.212
www.doctamer.usach.cl,doctamer.usach.cl.
www.doctamer.usach.cl,158.170.64.150
www.doctmat.dmcc.usach.cl,doctmat.dmcc.usach.cl.
www.doctmat.dmcc.usach.cl,158.170.77.212
www.doctoradoalimentos.usach.cl,doctoradoalimentos.usach.cl.
www.doctoradoalimentos.usach.cl,158.170.64.150
www.doctoradoautomatica.usach.cl,doctoradoautomatica.usach.cl.
www.doctoradoautomatica.usach.cl,158.170.66.216
www.doctorado.energiasostenible.usach.cl,doctorado.energiasostenible.usach.cl.
www.doctorado.energiasostenible.usach.cl,158.170.66.216
www.doctorado-quimica.usach.cl,doctorado-quimica.usach.cl.
www.doctorado-quimica.usach.cl,158.170.64.150
www.dps.usach.cl,dps.usach.cl.
www.dps.usach.cl,158.170.66.14
www.drii.usach.cl,drii.usach.cl.
www.drii.usach.cl,158.170.64.150
www.dssee.usach.cl,dssee.usach.cl.
www.dssee.usach.cl,158.170.64.150
www.dtg.usach.cl,dtg.usach.cl.
www.dtg.usach.cl,158.170.66.223
www.dti.usach.cl,dti.usach.cl.
www.dti.usach.cl,158.170.64.150
www.dtt.udesantiago.cl,dtt.udesantiago.cl.
www.dtt.udesantiago.cl,158.170.64.116
www.dve.usach.cl,dve.usach.cl.
www.dve.usach.cl,158.170.66.73
www.e2tech.usach.cl,e2tech.usach.cl.
www.e2tech.usach.cl,158.170.66.216
www.eavirtual.arquitectura.usach.cl,eavirtual.arquitectura.usach.cl.
www.eavirtual.arquitectura.usach.cl,158.170.66.107
www.ecdp.die.usach.cl,ecdp.die.usach.cl.
www.ecdp.die.usach.cl,158.170.64.24
www.eciades.usach.cl,eciades.usach.cl.
www.eciades.usach.cl,158.170.64.150
www.economiacircular.usach.cl,economiacircular.usach.cl.
www.economiacircular.usach.cl,158.170.66.207
www.economia.usach.cl,economia.usach.cl.
www.economia.usach.cl,158.170.66.194
www.editorial.usach.cl,editorialusach.cl.
www.editorial.usach.cl,192.140.57.30
www.educacioncontinua.usach.cl,educacioncontinua.usach.cl.
www.educacioncontinua.usach.cl,158.170.66.79
www.educacion.usach.cl,educacion.usach.cl.
www.educacion.usach.cl,158.170.64.150
www.educadoreslideres.usach.cl,educadoreslideres.usach.cl.
www.educadoreslideres.usach.cl,158.170.64.150
www.educofacimed.usach.cl,educofacimed.usach.cl.
www.educofacimed.usach.cl,162.240.146.170
www.educofahu.usach.cl,educofahu.usach.cl.
www.educofahu.usach.cl,158.170.66.145
www.educo.usach.cl,educo.usach.cl.
www.educo.usach.cl,158.170.64.171
www.egresadoscpa.usach.cl,egresadoscpa.usach.cl.
www.egresadoscpa.usach.cl,158.170.66.194
www.egresadospedagogiaqyb.usach.cl,egresadospedagogiaqyb.usach.cl.
www.egresadospedagogiaqyb.usach.cl,158.170.64.150
www.egresados.usach.cl,egresados.usach.cl.
www.egresados.usach.cl,158.170.66.73
www.eicsr.usach.cl,eicsr.usach.cl.
www.eicsr.usach.cl,158.170.64.150
www.emeraldinsight.com.ezproxy.usach.cl,158.170.10.44
www.empresasyfundaciones.usach.cl,empresasyfundaciones.usach.cl.
www.empresasyfundaciones.usach.cl,158.170.66.207
www.enacot2.usach.cl,enacot2.usach.cl.
www.enacot2.usach.cl,158.170.64.116
www.encuesta2030.usach.cl,encuesta2030.usach.cl.
www.encuesta2030.usach.cl,158.170.64.64
www.encuestas.usach.cl,encuestas.usach.cl.
www.encuestas.usach.cl,158.170.64.24
www.endfisica.usach.cl,endfisica.usach.cl.
www.endfisica.usach.cl,158.170.64.116
www.enlinea.usach.cl,enlinea.usach.cl.
www.enlinea.usach.cl,158.170.64.116
www.ensayospdt.usach.cl,ensayospdt.usach.cl.
www.ensayospdt.usach.cl,158.170.64.150
www.enzal2019.usach.cl,enzal2019.usach.cl.
www.enzal2019.usach.cl,158.170.64.150
www.espera.usach.cl,158.170.64.234
www.eureka.usach.cl,eureka.usach.cl.
www.eureka.usach.cl,158.170.64.150
www.evaluaciondocente.usach.cl,evaluaciondocente.usach.cl.
www.evaluaciondocente.usach.cl,158.170.64.106
www.evaluacion.usach.cl,evaluacion.usach.cl.
www.evaluacion.usach.cl,158.170.64.106
www.evic2018.usach.cl,evic2018.usach.cl.
www.evic2018.usach.cl,158.170.35.8
www.extension.usach.cl,extension.usach.cl.
www.extension.usach.cl,158.170.66.48
www.factec.usach.cl,factec.usach.cl.
www.factec.usach.cl,158.170.64.150
www.facultadtecnologica.usach.cl,facultadtecnologica.usach.cl.
www.facultadtecnologica.usach.cl,158.170.64.150
www.fae.usach.cl,fae.usach.cl.
www.fae.usach.cl,158.170.66.194
www.fahu.usach.cl,fahu.usach.cl.
www.fahu.usach.cl,158.170.66.123
www.fciencia.usach.cl,fciencia.usach.cl.
www.fciencia.usach.cl,158.170.64.150
www.fcm.usach.cl,fcm.usach.cl.
www.fcm.usach.cl,158.170.64.150
www.filoadmin.usach.cl,filoadmin.usach.cl.
www.filoadmin.usach.cl,158.170.64.152
www.filosofia.usach.cl,filosofia.usach.cl.
www.filosofia.usach.cl,158.170.64.150
www.fima.usach.cl,fima.usach.cl.
www.fima.usach.cl,158.170.66.101
www.finginternacional.usach.cl,finginternacional.usach.cl.
www.finginternacional.usach.cl,158.170.64.150
www.fing.usach.cl,158.170.66.237
www.fisica.postgrado.usach.cl,fisica.postgrado.usach.cl.
www.fisica.postgrado.usach.cl,158.170.64.150
www.fisica.usach.cl,fisica.usach.cl.
www.fisica.usach.cl,158.170.64.150
www.fondocredito.usach.cl,fondocredito.usach.cl.
www.fondocredito.usach.cl,158.170.64.33
www.fonetica.usach.cl,fonetica.usach.cl.
www.fonetica.usach.cl,158.170.64.150
www.formaciondocente.vra.usach.cl,formaciondocente.vra.usach.cl.
www.formaciondocente.vra.usach.cl,158.170.64.106
www.formacionyeducacion.usach.cl,tbjdnscltbj.trabajando.com.
www.formacionyeducacion.usach.cl,35.175.100.24
www.formulario.usach.cl,formulario.usach.cl.
www.formulario.usach.cl,158.170.64.58
www.fqyb-doctorado-biotecnologia.usach.cl,fqyb-doctorado-biotecnologia.usach.cl.
www.fqyb-doctorado-biotecnologia.usach.cl,158.170.64.150
www.fqyb-doctorado-neurociencia.usach.cl,fqyb-doctorado-neurociencia.usach.cl.
www.fqyb-doctorado-neurociencia.usach.cl,158.170.66.48
www.fudea.usach.cl,ext-cust.squarespace.com.
www.fudea.usach.cl,198.185.159.144
www.fudea.usach.cl,198.49.23.144
www.fudea.usach.cl,198.49.23.145
www.fudea.usach.cl,198.185.159.145
www.fude.usach.cl,fude.usach.cl.
www.fude.usach.cl,158.170.66.14
www.funcionarios.usach.cl,funcionarios.usach.cl.
www.funcionarios.usach.cl,158.170.66.156
www.gafevol.usach.cl,gafevol.usach.cl.
www.gafevol.usach.cl,158.170.66.208
www.geodesychile.usach.cl,geodesychile.usach.cl.
www.geodesychile.usach.cl,158.170.66.148
www.geoingenieria.usach.cl,geoingenieria.usach.cl.
www.geoingenieria.usach.cl,158.170.64.150
www.geovrid.usach.cl,158.170.64.48
www.gestion2030.usach.cl,gestion2030.usach.cl.
www.gestion2030.usach.cl,158.170.64.65
www.gestion-postgrado.usach.cl,gestion-postgrado.usach.cl.
www.gestion-postgrado.usach.cl,158.170.66.64
www.gestionresiduos.usach.cl,158.170.64.150
www.gloriacardenasjiron.usach.cl,gloriacardenasjiron.usach.cl.
www.gloriacardenasjiron.usach.cl,158.170.64.150
www.guiaweb.usach.cl,guiaweb.usach.cl.
www.guiaweb.usach.cl,158.170.64.150
www.helpdesk.segic.cl,helpdesk.segic.cl.
www.helpdesk.segic.cl,158.170.10.51
www.historia.udesantiago.cl,historia.udesantiago.cl.
www.historia.udesantiago.cl,158.170.64.116
www.historia.usach.cl,historia.usach.cl.
www.historia.usach.cl,158.170.66.237
www.icevirtuallibrary.com.ezproxy.usach.cl,158.170.10.44
www.idea.usach.cl,idea.usach.cl.
www.idea.usach.cl,158.170.66.48
www.idiomas.usach.cl,idiomas.usach.cl.
www.idiomas.usach.cl,158.170.64.116
www.image-register.dti.usach.cl,image-register.dti.usach.cl.
www.image-register.dti.usach.cl,158.170.66.39
www.incuba.arica.usach.cl,incuba.arica.usach.cl.
www.incuba.arica.usach.cl,158.170.66.197
www.incubadoraea.usach.cl,incubadoraea.usach.cl.
www.incubadoraea.usach.cl,158.170.64.150
www.informatica.usach.cl,158.170.35.191
www.informaticos.usach.cl,informaticos.usach.cl.
www.informaticos.usach.cl,158.170.66.14
www.ingemat.usach.cl,ingemat.usach.cl.
www.ingemat.usach.cl,158.170.77.212
www.ingenieriabiomedica.usach.cl,ingenieriabiomedica.usach.cl.
www.ingenieriabiomedica.usach.cl,158.170.64.150
www.ingenieriadeprocesos.usach.cl,ingenieriadeprocesos.usach.cl.
www.ingenieriadeprocesos.usach.cl,158.170.66.237
www.ingenieriaindustrial-usach.cl,ingenieriaindustrial-usach.cl.
www.ingenieriaindustrial-usach.cl,201.148.105.43
www.ingenieriaindustrial.usach.cl,ingenieriaindustrial-usach.cl.
www.ingenieriaindustrial.usach.cl,201.148.105.43
www.inned.usach.cl,inned.usach.cl.
www.inned.usach.cl,158.170.66.237
www.innovo.usach.cl,innovo.usach.cl.
www.innovo.usach.cl,158.170.66.230
www.internacional.usach.cl,internacional.usach.cl.
www.internacional.usach.cl,158.170.66.151
www.isidoraaguirre.usach.cl,isidoraaguirre.usach.cl.
www.isidoraaguirre.usach.cl,158.170.66.24
www.iso.segic.cl,iso.segic.cl.
www.iso.segic.cl,158.170.64.24
www.jint.usach.cl,jint.usach.cl.
www.jint.usach.cl,158.170.64.110
www.jstor.org.ezproxy.usach.cl,158.170.10.44
www.koyaku.usach.cl,koyaku.usach.cl.
www.koyaku.usach.cl,158.170.66.210
www.lab-acustica.usach.cl,lab-acustica.usach.cl.
www.lab-acustica.usach.cl,158.170.64.150
www.labcontrol.usach.cl,labcontrol.usach.cl.
www.labcontrol.usach.cl,158.170.64.150
www.labiotam.usach.cl,labiotam.usach.cl.
www.labiotam.usach.cl,158.170.64.150
www.laboral.usach.cl,usach.reqlut.com.
www.laboral.usach.cl,ns.reqlut.com.
www.laboral.usach.cl,13.216.95.52
www.laboratorios.qyb.usach.cl,laboratorios.qyb.usach.cl.
www.laboratorios.qyb.usach.cl,158.170.64.150
www.labteldie.usach.cl,labteldie.usach.cl.
www.labteldie.usach.cl,158.170.107.39
www.laetitia.usach.cl,ns.reqlut.com.
www.laetitia.usach.cl,13.216.95.52
www.lcc.usach.cl,lcc.usach.cl.
www.lcc.usach.cl,158.170.77.212
www.lemc.usach.cl,lemc.usach.cl.
www.lemc.usach.cl,158.170.77.212
www.leo.usach.cl,leo.usach.cl.
www.leo.usach.cl,158.170.64.113
www.libif.usach.cl,libif.usach.cl.
www.libif.usach.cl,158.170.64.150
www.liceos.usach.cl,liceos.usach.cl.
www.liceos.usach.cl,158.170.64.106
www.lictex.usach.cl,lictex.usach.cl.
www.lictex.usach.cl,158.170.64.150
www.linguisticayliteratura.usach.cl,linguisticayliteratura.usach.cl.
www.linguisticayliteratura.usach.cl,158.170.64.150
www.lista-espera.usach.cl,lista-espera.usach.cl.
www.lista-espera.usach.cl,158.170.64.234
www.listaespera.usach.cl,listaespera.usach.cl.
www.listaespera.usach.cl,158.170.64.237
www.llavecampus.usach.cl,llavecampus.usach.cl.
www.llavecampus.usach.cl,158.170.64.202
www.loa.usach.cl,loa.usach.cl.
www.loa.usach.cl,158.170.10.76
www.loa.usach.cl,158.170.10.70
www.loa.usach.cl,158.170.10.75
www.logt.usach.cl,logt.usach.cl.
www.logt.usach.cl,158.170.64.116
www.magestec.usach.cl,magestec.usach.cl.
www.magestec.usach.cl,158.170.64.116
www.magiet.usach.cl,magiet.usach.cl.
www.magiet.usach.cl,158.170.66.237
www.magingquimica.usach.cl,magingquimica.usach.cl.
www.magingquimica.usach.cl,158.170.64.150
www.magister.dmcc.usach.cl,magister.dmcc.usach.cl.
www.magister.dmcc.usach.cl,158.170.77.212
www.magisterelectrica.usach.cl,magisterelectrica.usach.cl.
www.magisterelectrica.usach.cl,158.170.66.216
www.magisterestructuras.usach.cl,magisterestructuras.usach.cl.
www.magisterestructuras.usach.cl,158.170.66.210
www.mastermida.usach.cl,mastermida.usach.cl.
www.mastermida.usach.cl,158.170.64.150
www.matricula-ibero.usach.cl,matricula-ibero.usach.cl.
www.matricula-ibero.usach.cl,158.170.64.58
www.matricula-online-test.usach.cl,158.170.64.234
www.matricula-online.usach.cl,matricula-online.usach.cl.
www.matricula-online.usach.cl,158.170.64.234
www.mat.usach.cl,mat.usach.cl.
www.mat.usach.cl,158.170.77.212
www.mcii.usach.cl,mcii.usach.cl.
www.mcii.usach.cl,158.170.64.150
www.mef.usach.cl,158.170.66.194
www.mem.dmcc.usach.cl,mem.dmcc.usach.cl.
www.mem.dmcc.usach.cl,158.170.77.212
www.metalurgia.usach.cl,metalurgia.usach.cl.
www.metalurgia.usach.cl,158.170.66.48
www.mhe.usach.cl,mhe.usach.cl.
www.mhe.usach.cl,158.170.66.194
www.mma.ingenieria.usach.cl,mma.ingenieria.usach.cl.
www.mma.ingenieria.usach.cl,158.170.64.150
www.movilidadinterna.usach.cl,movilidadinterna.usach.cl.
www.movilidadinterna.usach.cl,158.170.66.65
www.msp.usach.cl,msp.usach.cl.
www.msp.usach.cl,158.170.64.150
www.nanoseguridad.usach.cl,nanoseguridad.usach.cl.
www.nanoseguridad.usach.cl,158.170.66.200
www-ncbi-nlm-nih-gov.ezproxy.usach.cl,158.170.10.44
www.niif-ifrs.usach.cl,niif-ifrs.usach.cl.
www.niif-ifrs.usach.cl,158.170.66.194
www.nomasviolencia.usach.cl,nomasviolencia.usach.cl.
www.nomasviolencia.usach.cl,158.170.66.26
www.obrasciviles.usach.cl,obrasciviles.usach.cl.
www.obrasciviles.usach.cl,158.170.66.210
www.oecd-ilibrary.org.ezproxy.usach.cl,158.170.10.44
www.oppt.usach.cl,oppt.usach.cl.
www.oppt.usach.cl,158.170.64.150
www.pace.usach.cl,pace.usach.cl.
www.pace.usach.cl,158.170.77.129
www.pagaredearancel.usach.cl,pagaredearancel.usach.cl.
www.pagaredearancel.usach.cl,158.170.64.86
www.pagare.usach.cl,pagare.usach.cl.
www.pagare.usach.cl,158.170.64.58
www.pagoenlinea-test.usach.cl,pagoenlinea-test.usach.cl.
www.pagoenlinea-test.usach.cl,158.170.68.60
www.pagoenlinea.usach.cl,pagoenlinea.usach.cl.
www.pagoenlinea.usach.cl,158.170.64.58
www.pagos.usach.cl,pagos.usach.cl.
www.pagos.usach.cl,158.170.64.64
www.pagosyserviciosenlinea.usach.cl,pagosyserviciosenlinea.usach.cl.
www.pagosyserviciosenlinea.usach.cl,158.170.64.26
www.paiep.usach.cl,paiep.usach.cl.
www.paiep.usach.cl,158.170.64.150
www.panelqyb.usach.cl,panelqyb.usach.cl.
www.panelqyb.usach.cl,158.170.66.71
www.pares.usach.cl,pares.usach.cl.
www.pares.usach.cl,158.170.77.129
www.patrimonio.usach.cl,patrimonio.usach.cl.
www.patrimonio.usach.cl,158.170.66.212
www.pefft.usach.cl,pefft.usach.cl.
www.pefft.usach.cl,158.170.64.150
www.pei2030.usach.cl,pei2030.usach.cl.
www.pei2030.usach.cl,158.170.64.67
www.pei.usach.cl,pei.usach.cl.
www.pei.usach.cl,158.170.66.62
www.periodismo.udesantiago.cl,periodismo.udesantiago.cl.
www.periodismo.udesantiago.cl,158.170.64.116
www.periodismo.usach.cl,periodismo.usach.cl.
www.periodismo.usach.cl,158.170.64.150
www.periododetransicion.usach.cl,periododetransicion.usach.cl.
www.periododetransicion.usach.cl,158.170.64.106
www.periodointensivo.usach.cl,periodointensivo.usach.cl.
www.periodointensivo.usach.cl,158.170.64.86
www.plemc.usach.cl,plemc.usach.cl.
www.plemc.usach.cl,158.170.77.212
www.pma.cl.ezproxy.usach.cl,158.170.10.44
www.portalfisicaeducativa.usach.cl,portalfisicaeducativa.usach.cl.
www.portalfisicaeducativa.usach.cl,158.170.66.101
www.portal.usach.cl,portal.usach.cl.
www.portal.usach.cl,158.170.64.154
www.possibilism.usach.cl,possibilism.usach.cl.
www.possibilism.usach.cl,158.170.64.116
www.postgrados.usach.cl,postgrados.usach.cl.
www.postgrados.usach.cl,158.170.64.110
www.postgrado.usach.cl,postgrados.usach.cl.
www.postgrado.usach.cl,158.170.64.110
www.postitulobasica-matriculas.usach.cl,postitulobasica-matriculas.usach.cl.
www.postitulobasica-matriculas.usach.cl,158.170.77.227
www.postulaciones.usach.cl,postulaciones.usach.cl.
www.postulaciones.usach.cl,158.170.64.234
www.postulacion-postgrado.usach.cl,postulacion-postgrado.usach.cl.
www.postulacion-postgrado.usach.cl,158.170.66.64
www.progoa.usach.cl,progoa.usach.cl.
www.progoa.usach.cl,158.170.64.116
www.propuesta-cteo-tst.usach.cl,propuesta-cteo-tst.usach.cl.
www.propuesta-cteo-tst.usach.cl,158.170.64.59
www.propuesta-cteo.usach.cl,propuesta-cteo.usach.cl.
www.propuesta-cteo.usach.cl,158.170.64.58
www.proyectatufuturo.usach.cl,proyectatufuturo.usach.cl.
www.proyectatufuturo.usach.cl,158.170.64.150
www.proyectoaguasgrises.usach.cl,proyectoaguasgrises.usach.cl.
www.proyectoaguasgrises.usach.cl,158.170.64.150
www.psicologia.usach.cl,psicologia.usach.cl.
www.psicologia.usach.cl,158.170.66.48
www.publicidad.usach.cl,publicidad.usach.cl.
www.publicidad.usach.cl,190.107.177.242
www.puntajes.usach.cl,158.170.64.234
www.quimicaybiologia.usach.cl,quimicaybiologia.usach.cl.
www.quimicaybiologia.usach.cl,158.170.64.150
www.qybdigital.usach.cl,qybdigital.usach.cl.
www.qybdigital.usach.cl,158.170.66.71
www.radio.usach.cl,radiousach.cl.
www.radio.usach.cl,200.91.46.252
www.rectoria.usach.cl,rectoria.usach.cl.
www.rectoria.usach.cl,158.170.64.150
www.recursosaprendizajecastellano.usach.cl,recursosaprendizajecastellano.usach.cl.
www.recursosaprendizajecastellano.usach.cl,76.76.21.9
www.redaprendizajeactivo.usach.cl,redaprendizajeactivo.usach.cl.
www.redaprendizajeactivo.usach.cl,158.170.64.150
www.reddeaprendizajeactivo.usach.cl,reddeaprendizajeactivo.usach.cl.
www.reddeaprendizajeactivo.usach.cl,158.170.64.150
www.redmujerescyt.usach.cl,redmujerescyt.usach.cl.
www.redmujerescyt.usach.cl,158.170.64.150
www.reformaute.usach.cl,reformaute.usach.cl.
www.reformaute.usach.cl,158.170.66.24
www.registro.usach.cl,158.170.64.236
www.repostulacion.usach.cl,repostulacion.usach.cl.
www.repostulacion.usach.cl,158.170.64.234
www.requerimientos.usach.cl,requerimientos.usach.cl.
www.requerimientos.usach.cl,158.170.10.51
www.reuna.usach.cl,reuna.usach.cl.
www.reuna.usach.cl,158.170.64.121
www.revistagpt.usach.cl,revistagpt.usach.cl.
www.revistagpt.usach.cl,158.170.64.150
www.revistapalavra.usach.cl,revistapalavra.usach.cl.
www.revistapalavra.usach.cl,158.170.64.150
www.revistas.usach.cl,revistas.usach.cl.
www.revistas.usach.cl,158.170.66.96
www.rhistoria.usach.cl,rhistoria.usach.cl.
www.rhistoria.usach.cl,158.170.64.150
www.rrhh.usach.cl,rrhh.usach.cl.
www.rrhh.usach.cl,158.170.64.116
www.rucahueche.usach.cl,rucahueche.usach.cl.
www.rucahueche.usach.cl,158.170.64.116
www.salas.usach.cl,salas.usach.cl.
www.salas.usach.cl,158.170.64.106
www.salvoconducto.usach.cl,salvoconducto.usach.cl.
www.salvoconducto.usach.cl,158.170.66.67
www.sciencedirect.com.ezproxy.udesantiago.cl,158.170.10.44
www-scopus-com.ezproxy.usach.cl,158.170.10.44
www.secretaria.usach.cl,secretaria.usach.cl.
www.secretaria.usach.cl,158.170.64.150
www.segic.cl,segic.cl.
www.segic.cl,158.170.64.110
www.servicios-ibero-test.usach.cl,servicios-ibero-test.usach.cl.
www.servicios-ibero-test.usach.cl,158.170.64.59
www.servicios-ibero.usach.cl,servicios-ibero.usach.cl.
www.servicios-ibero.usach.cl,158.170.64.58
www.sfp.usach.cl,sfp.usach.cl.
www.sfp.usach.cl,158.170.66.46
www.sgp.uci.usach.cl,sgp.uci.usach.cl.
www.sgp.uci.usach.cl,158.170.66.74
www.sis-bienestar.usach.cl,sis-bienestar.usach.cl.
www.sis-bienestar.usach.cl,158.170.64.58
www.sismatalunuevo.usach.cl,sismatalunuevo.usach.cl.
www.sismatalunuevo.usach.cl,158.170.64.24
www.sistema.campus.usach.cl,sistema.campus.usach.cl.
www.sistema.campus.usach.cl,158.170.64.202
www.sistema-facimed.usach.cl,sistema-facimed.usach.cl.
www.sistema-facimed.usach.cl,158.170.64.202
www.sistema.oirs.usach.cl,sistema.oirs.usach.cl.
www.sistema.oirs.usach.cl,158.170.64.202
www.sistemaoirs.usach.cl,sistemaoirs.usach.cl.
www.sistemaoirs.usach.cl,158.170.64.202
www.sistemareservassalones.vime.usach.cl,sistemareservassalones.vime.usach.cl.
www.sistemareservassalones.vime.usach.cl,158.170.10.73
www.smartcitylab-usach.cl,smartcitylab-usach.cl.
www.smartcitylab-usach.cl,192.140.56.40
www.smartcitylab.usach.cl,smartcitylab.usach.cl.
www.smartcitylab.usach.cl,www.smartcitylab-usach.cl.
www.smartcitylab.usach.cl,smartcitylab-usach.cl.
www.smartcitylab.usach.cl,192.140.56.40
www.solicitudes.ciencia.usach.cl,solicitudes.ciencia.usach.cl.
www.solicitudes.ciencia.usach.cl,158.170.66.209
www.solicitudinformacion.usach.cl,solicitudinformacion.usach.cl.
www.solicitudinformacion.usach.cl,158.170.64.59
www.std.usach.cl,std.usach.cl.
www.std.usach.cl,158.170.66.51
www.superclave.usach.cl,superclave.usach.cl.
www.superclave.usach.cl,158.170.64.86
www.sustentabilidades.usach.cl,sustentabilidades.usach.cl.
www.sustentabilidades.usach.cl,158.170.64.116
www.talentosartisticos.usach.cl,talentosartisticos.usach.cl.
www.talentosartisticos.usach.cl,158.170.64.116
www-tandfonline-com.ezproxy.usach.cl,158.170.10.44
www.tap.usach.cl,tap.usach.cl.
www.tap.usach.cl,158.170.66.101
www.tci.usach.cl,tci.usach.cl.
www.tci.usach.cl,158.170.66.101
www.tdi.usach.cl,tdi.usach.cl.
www.tdi.usach.cl,158.170.66.115
www.tecnologias.usach.cl,tecnologias.usach.cl.
www.tecnologias.usach.cl,158.170.66.223
www.teknos.usach.cl,teknos.usach.cl.
www.teknos.usach.cl,158.170.66.24
www.test.helpdesk.usach.cl,test.helpdesk.usach.cl.
www.test.helpdesk.usach.cl,158.170.64.202
www.testsgp.uci.usach.cl,testsgp.uci.usach.cl.
www.testsgp.uci.usach.cl,158.170.66.75
www.ticpaiep.usach.cl,ticpaiep.usach.cl.
www.ticpaiep.usach.cl,158.170.77.129
www.tips2021.usach.cl,tips2021.usach.cl.
www.tips2021.usach.cl,158.170.66.153
www.transparenciaactiva.usach.cl,transparenciaactiva.usach.cl.
www.transparenciaactiva.usach.cl,transparencia.usach.cl.
www.transparenciaactiva.usach.cl,158.170.64.110
www.transparencia.usach.cl,transparencia.usach.cl.
www.transparencia.usach.cl,158.170.64.110
www.tuaqf.usach.cl,tuaqf.usach.cl.
www.tuaqf.usach.cl,158.170.66.101
www.tuci.usach.cl,tuci.usach.cl.
www.tuci.usach.cl,158.170.66.101
www.udesantiagoaldia.usach.cl,udesantiagoaldia.usach.cl.
www.udesantiagoaldia.usach.cl,158.170.64.116
www.udesantiago.cl,158.170.64.150
www.ugb.usach.cl,ugb.usach.cl.
www.ugb.usach.cl,158.170.64.150
www.uie.usach.cl,uie.usach.cl.
www.uie.usach.cl,158.170.66.230
www.ups.udesantiago.cl,hosting.udesantiago.cl.
www.ups.udesantiago.cl,158.170.66.14
www.usach.cl,104.18.21.49
www.usach.cl,104.18.20.49
www.usachparticipa.usach.cl,usachparticipa.usach.cl.
www.usachparticipa.usach.cl,158.170.64.150
www.usachteapoya.usach.cl,usachteapoya.usach.cl.
www.usachteapoya.usach.cl,158.170.64.66
www.uvirtual.usach.cl,uvirtual.usach.cl.
www.uvirtual.usach.cl,158.170.64.102
www.ux1d.usach.cl,ux1d.usach.cl.
www.ux1d.usach.cl,158.170.64.58
www.vicaviged.usach.cl,vicaviged.usach.cl.
www.vicaviged.usach.cl,158.170.64.154
www.vime.arquitectura.usach.cl,vime.arquitectura.usach.cl.
www.vime.arquitectura.usach.cl,158.170.66.101
www.vimefing.usach.cl,vimefing.usach.cl.
www.vimefing.usach.cl,158.170.66.168
www.vime.usach.cl,vime.usach.cl.
www.vime.usach.cl,158.170.64.150
www.virtualizacionqyb.usach.cl,virtualizacionqyb.usach.cl.
www.virtualizacionqyb.usach.cl,158.170.64.150
www.visitas.usach.cl,visitas.usach.cl.
www.visitas.usach.cl,158.170.64.234
www.vpn.usach.cl,vpn.usach.cl.
www.vpn.usach.cl,158.170.15.2
www.vrae.usach.cl,vrae.usach.cl.
www.vrae.usach.cl,158.170.66.30
www.vra.usach.cl,vra.usach.cl.
www.vra.usach.cl,158.170.64.150
www.vridei.usach.cl,vridei.usach.cl.
www.vridei.usach.cl,158.170.66.230
www.vrid.usach.cl,vrid.usach.cl.
www.vrid.usach.cl,vridei.usach.cl.
www.vrid.usach.cl,158.170.66.230
www.vriic.usach.cl,vriic.usach.cl.
www.vriic.usach.cl,158.170.66.230
www-webofscience-com.ezproxy.usach.cl,158.170.10.44
www.webpay-server.usach.cl,webpay-server.usach.cl.
www.webpay-server.usach.cl,158.170.64.26
